id,first_name,last_name,email,gender,ip_address,openedDate,closeddate
1,Alfi,Janosevic,ajanosevic0@qq.com,Female,182.141.254.51,10/04/2013,14/08/2004
2,Kevin,Taffe,ktaffe1@globo.com,Male,222.174.179.52,15/06/2012,15/11/2018
3,Homerus,Maudett,hmaudett2@state.tx.us,Male,128.55.54.89,28/02/2014,30/09/2007
4,Janelle,Casewell,jcasewell3@mapy.cz,Female,249.112.141.72,03/01/2017,18/03/2017
5,Dana,Keuntje,dkeuntje4@soundcloud.com,Male,183.173.107.137,19/06/2019,19/07/2005
6,Maddi,Hansill,mhansill5@ucsd.edu,Female,155.177.183.68,08/08/2004,17/02/2002
7,Desdemona,Basilio,dbasilio6@over-blog.com,Female,225.38.14.62,22/11/2016,03/01/2018
8,Lorant,Fitzsymon,lfitzsymon7@hubpages.com,Male,19.107.74.106,05/11/2017,04/08/2018
9,Ancell,Sultana,asultana8@people.com.cn,Male,50.140.17.227,03/06/2021,29/05/2004
10,Rheta,Yakovl,ryakovl9@ow.ly,Female,162.215.161.210,26/05/2002,17/07/2007
11,Diane,Uzzell,duzzella@digg.com,Female,241.4.0.95,09/06/2018,05/02/2002
12,Torry,Otter,totterb@dion.ne.jp,Male,140.223.90.180,30/12/2015,24/04/2007
13,Adelaida,Darnody,adarnodyc@tripod.com,Female,155.250.25.185,05/03/2023,05/05/2018
14,Natka,Goozee,ngoozeed@goodreads.com,Female,67.22.99.140,18/04/2007,16/05/2002
15,Rosella,Crufts,rcruftse@meetup.com,Female,193.118.235.64,18/05/2003,13/08/2020
16,Burlie,Sabathe,bsabathef@wired.com,Male,122.18.152.139,14/12/2017,20/06/2001
17,Garret,Crighton,gcrightong@theglobeandmail.com,Male,93.23.134.150,19/02/2005,01/03/2004
18,Rossy,Piatkow,rpiatkowh@unicef.org,Male,14.73.194.225,20/10/2001,03/10/2005
19,Rudolph,Toderbrugge,rtoderbruggei@moonfruit.com,Male,137.151.87.192,21/11/2011,21/01/2013
20,Friedrick,Jakaway,fjakawayj@chicagotribune.com,Male,75.189.199.243,25/01/2003,11/02/2003
21,Sile,Izkovitz,sizkovitzk@mashable.com,Female,239.145.210.59,04/07/2002,07/03/2011
22,Petrina,Hanmer,phanmerl@paginegialle.it,Female,214.189.240.104,27/10/2014,14/01/2008
23,Ximenez,Gumby,xgumbym@google.cn,Male,45.222.20.26,05/03/2007,10/03/2006
24,Sara,Roache,sroachen@kickstarter.com,Female,163.252.250.165,23/06/2007,28/09/2015
25,Janeva,Tschersich,jtschersicho@techcrunch.com,Female,190.212.167.122,11/06/2019,18/09/2013
26,Niall,Jillions,njillionsp@nyu.edu,Male,119.90.175.190,23/02/2016,19/08/2004
27,Stinky,Fitzgerald,sfitzgeraldq@eepurl.com,Male,122.70.163.68,01/10/2003,08/02/2022
28,Hedy,Trazzi,htrazzir@over-blog.com,Female,7.34.58.120,31/10/2008,27/08/2002
29,Curry,Audus,cauduss@narod.ru,Male,3.112.27.28,09/08/2018,13/09/2015
30,Ciro,Brixey,cbrixeyt@who.int,Non-binary,226.234.206.240,23/07/2003,18/12/2001
31,Hamnet,Coleridge,hcoleridgeu@gmpg.org,Male,184.253.63.240,22/06/2010,03/12/2000
32,Elie,Witchard,ewitchardv@hibu.com,Female,185.91.188.88,24/08/2014,08/02/2003
33,Lindy,Milroy,lmilroyw@csmonitor.com,Male,183.175.151.255,11/09/2012,15/12/2003
34,Antone,Geeritz,ageeritzx@51.la,Genderqueer,212.108.63.56,06/12/2008,08/09/2003
35,Marni,Ramelot,mrameloty@eepurl.com,Polygender,232.62.236.253,31/07/2018,30/09/2021
36,Cecil,Adin,cadinz@apple.com,Male,169.17.48.42,29/12/2021,20/11/2005
37,Enriqueta,Huxter,ehuxter10@discovery.com,Female,69.173.78.250,14/09/2008,14/09/2015
38,Johny,Franklyn,jfranklyn11@godaddy.com,Male,60.15.177.82,14/09/2022,07/12/2001
39,Sasha,Grindall,sgrindall12@vimeo.com,Male,234.155.90.84,19/09/2001,07/06/2011
40,Marrilee,Weippert,mweippert13@kickstarter.com,Female,60.149.250.72,10/04/2014,14/08/2014
41,Barthel,Fairbrace,bfairbrace14@si.edu,Bigender,181.185.220.200,02/10/2013,26/01/2020
42,Rachelle,Coote,rcoote15@vimeo.com,Female,244.80.41.130,28/07/2020,26/09/2012
43,Erena,Brockway,ebrockway16@4shared.com,Female,36.184.170.127,30/11/2002,23/03/2019
44,Carlin,Maudlin,cmaudlin17@digg.com,Female,138.186.88.165,10/08/2016,06/10/2021
45,Sherlocke,Mosley,smosley18@slideshare.net,Male,163.67.138.118,01/10/2020,20/08/2010
46,Jen,Nuzzetti,jnuzzetti19@blogger.com,Female,186.196.90.60,07/02/2010,01/10/2009
47,Karim,Brazear,kbrazear1a@youtube.com,Male,0.76.10.180,06/02/2022,17/07/2013
48,Bobina,Giacomoni,bgiacomoni1b@cnbc.com,Agender,186.167.224.219,01/01/2013,17/09/2005
49,Germain,McGeraghty,gmcgeraghty1c@adobe.com,Female,153.65.54.241,04/04/2012,05/01/2012
50,Angelika,O'Doherty,aodoherty1d@ning.com,Female,153.200.94.126,05/06/2001,23/06/2010
51,Ara,Shalliker,ashalliker1e@usatoday.com,Bigender,206.143.39.86,15/06/2006,27/06/2020
52,Zsa zsa,Featherstone,zfeatherstone1f@amazon.co.jp,Female,219.225.5.8,05/03/2014,17/12/2016
53,Jaime,Spilisy,jspilisy1g@deliciousdays.com,Female,229.221.73.56,30/01/2002,24/03/2002
54,Joleen,Bullus,jbullus1h@newyorker.com,Female,93.191.210.33,29/11/2012,19/10/2016
55,Doralynn,Bernocchi,dbernocchi1i@prweb.com,Female,100.97.122.166,23/08/2009,07/10/2019
56,Lonnard,Schriren,lschriren1j@cyberchimps.com,Male,98.176.135.158,15/08/2020,16/06/2011
57,Devonne,Linklater,dlinklater1k@ycombinator.com,Female,59.24.206.157,13/10/2021,22/10/2002
58,Leif,Petrecz,lpetrecz1l@printfriendly.com,Male,38.187.103.63,03/01/2004,21/12/2021
59,Broderick,Murkus,bmurkus1m@blogspot.com,Male,254.98.95.231,04/03/2002,18/04/2013
60,Klemens,Nequest,knequest1n@netlog.com,Non-binary,86.41.38.194,17/10/2012,31/03/2013
61,Christiana,Bursnoll,cbursnoll1o@addtoany.com,Female,209.20.233.141,21/06/2003,18/02/2010
62,Craggie,Sidaway,csidaway1p@thetimes.co.uk,Polygender,148.250.114.75,29/10/2013,18/05/2002
63,Tab,de Clerk,tdeclerk1q@deviantart.com,Male,83.198.104.201,24/12/2018,18/08/2016
64,Ely,Huyton,ehuyton1r@cdbaby.com,Male,22.137.145.95,05/04/2002,06/04/2009
65,Clarinda,Blueman,cblueman1s@independent.co.uk,Female,199.175.210.62,04/10/2018,11/11/2011
66,Glennis,Saundercock,gsaundercock1t@bigcartel.com,Female,45.92.118.232,30/08/2012,10/06/2017
67,Theo,Bealton,tbealton1u@foxnews.com,Male,119.69.198.13,06/02/2006,24/04/2018
68,Abraham,Milburne,amilburne1v@cbc.ca,Male,37.218.84.110,20/01/2009,14/06/2022
69,Norris,Tripon,ntripon1w@purevolume.com,Genderfluid,210.135.29.224,09/02/2013,15/06/2004
70,Fanny,Stubbley,fstubbley1x@scientificamerican.com,Female,159.139.14.142,01/03/2006,14/05/2015
71,Tobie,Moretto,tmoretto1y@etsy.com,Male,139.248.192.9,14/12/2016,31/01/2023
72,Nerta,Houlahan,nhoulahan1z@telegraph.co.uk,Female,58.197.243.230,17/11/2019,23/07/2007
73,Querida,Donovin,qdonovin20@reuters.com,Female,4.246.93.62,23/04/2009,22/08/2020
74,Des,Carnachen,dcarnachen21@artisteer.com,Male,98.51.118.170,09/12/2000,22/02/2021
75,Brigit,Gonnard,bgonnard22@sphinn.com,Female,17.196.132.204,21/11/2009,03/04/2015
76,Fayette,Betteridge,fbetteridge23@nsw.gov.au,Female,17.19.95.78,06/05/2007,03/11/2021
77,Dasie,Cham,dcham24@unesco.org,Female,143.51.84.61,16/11/2020,12/03/2014
78,Garald,Wileman,gwileman25@acquirethisname.com,Male,39.117.208.160,28/05/2010,09/11/2007
79,Marybeth,Goldup,mgoldup26@php.net,Female,101.86.22.147,09/08/2001,09/10/2004
80,Sindee,Bierton,sbierton27@bluehost.com,Female,159.230.228.181,22/04/2009,05/04/2014
81,Edvard,Chew,echew28@hud.gov,Male,13.82.197.135,14/02/2002,19/08/2003
82,Finlay,Neill,fneill29@scientificamerican.com,Male,248.3.252.127,07/04/2005,25/10/2022
83,Ginny,Scrane,gscrane2a@pen.io,Female,130.118.231.7,31/10/2011,31/07/2002
84,Nathanael,Halse,nhalse2b@livejournal.com,Male,84.119.6.189,03/06/2014,17/02/2002
85,Barbaraanne,Chave,bchave2c@i2i.jp,Female,60.129.218.97,13/10/2022,26/12/2001
86,Larina,Paireman,lpaireman2d@google.ca,Female,18.158.157.172,05/05/2016,20/08/2008
87,Moore,Dawid,mdawid2e@illinois.edu,Male,74.38.68.199,19/06/2007,29/03/2014
88,Irene,Cornill,icornill2f@blinklist.com,Female,4.152.192.89,03/04/2015,18/12/2011
89,Guinna,Corbert,gcorbert2g@rambler.ru,Female,183.192.2.112,22/10/2013,28/02/2005
90,Jemmy,Arter,jarter2h@google.com.au,Female,224.210.208.79,04/07/2021,23/07/2003
91,Marv,Suttling,msuttling2i@fema.gov,Male,77.140.69.84,24/10/2018,06/04/2006
92,Kaia,Mackro,kmackro2j@techcrunch.com,Female,192.116.76.16,15/09/2017,06/02/2009
93,Innis,Grigoletti,igrigoletti2k@ovh.net,Male,126.84.36.49,04/10/2004,08/07/2010
94,Pauline,Erricker,perricker2l@smugmug.com,Female,113.230.7.26,20/06/2018,10/12/2021
95,Francene,Andreia,fandreia2m@feedburner.com,Female,1.61.57.181,03/09/2009,05/06/2009
96,Eudora,Bermingham,ebermingham2n@ucla.edu,Female,131.242.17.131,15/09/2018,25/01/2005
97,Fern,Moores,fmoores2o@loc.gov,Female,32.188.102.32,30/07/2013,28/03/2003
98,Ryann,Gotobed,rgotobed2p@dyndns.org,Female,50.146.252.102,29/11/2005,03/09/2003
99,Raddie,Sidary,rsidary2q@cisco.com,Male,128.64.13.92,15/07/2004,29/10/2007
100,Matthiew,Mingaye,mmingaye2r@shinystat.com,Male,118.133.130.194,05/06/2015,08/04/2018
101,Kristan,Micheu,kmicheu2s@icio.us,Female,44.183.5.202,01/11/2004,13/10/2015
102,Janeta,Port,jport2t@wired.com,Female,41.252.23.245,28/07/2012,21/05/2005
103,Ly,De Vries,ldevries2u@sun.com,Male,114.63.99.33,05/02/2011,31/01/2009
104,Ardath,Holde,aholde2v@indiegogo.com,Bigender,154.25.13.113,19/12/2015,07/06/2018
105,Constanta,Luberti,cluberti2w@etsy.com,Female,141.168.218.162,04/02/2023,20/03/2014
106,Barrett,Bernardet,bbernardet2x@cdc.gov,Male,18.26.239.148,15/04/2021,02/04/2003
107,Wallis,Hawtin,whawtin2y@freewebs.com,Non-binary,202.138.198.104,23/07/2016,24/05/2007
108,Jilly,Scud,jscud2z@multiply.com,Female,204.192.91.252,10/05/2014,05/07/2003
109,Elane,Moneti,emoneti30@digg.com,Female,12.3.88.105,03/11/2018,09/10/2015
110,Joyann,Carnduff,jcarnduff31@salon.com,Female,71.180.27.148,05/12/2003,26/01/2016
111,Miran,Halahan,mhalahan32@simplemachines.org,Female,59.194.127.103,15/04/2002,29/04/2006
112,Eduardo,Witcombe,ewitcombe33@lycos.com,Male,239.115.4.102,04/09/2007,26/03/2010
113,Arabella,Thatcher,athatcher34@mashable.com,Female,106.46.68.34,23/05/2003,07/03/2018
114,Langsdon,Duckham,lduckham35@de.vu,Non-binary,186.93.161.6,07/08/2017,13/10/2015
115,Rachel,Tanti,rtanti36@dailymail.co.uk,Female,51.41.67.160,21/12/2012,21/07/2018
116,Jordain,McConigal,jmcconigal37@google.nl,Female,246.138.197.105,28/06/2006,29/08/2015
117,Heath,Cornew,hcornew38@ca.gov,Male,242.183.244.125,31/12/2004,15/04/2003
118,Ertha,Longhorn,elonghorn39@weibo.com,Female,159.219.233.118,02/07/2004,29/08/2015
119,Nicole,Atcheson,natcheson3a@blog.com,Female,23.77.126.47,31/01/2005,27/08/2012
120,Cherida,Egle,cegle3b@craigslist.org,Female,98.140.82.55,15/04/2001,06/04/2013
121,Page,Ibbitt,pibbitt3c@skyrock.com,Female,146.201.201.160,16/08/2011,03/09/2014
122,Nari,Gommey,ngommey3d@telegraph.co.uk,Female,149.217.83.248,22/08/2005,29/07/2003
123,Genna,Rouff,grouff3e@dailymotion.com,Female,65.227.164.81,16/02/2014,30/07/2019
124,Ezra,Leakner,eleakner3f@admin.ch,Male,150.133.87.65,25/12/2020,14/11/2004
125,Pyotr,Firby,pfirby3g@youtube.com,Genderqueer,11.192.32.104,09/04/2020,01/01/2015
126,Manya,Giovanetti,mgiovanetti3h@mozilla.com,Female,210.148.210.160,10/09/2002,17/04/2010
127,Phaidra,Parfitt,pparfitt3i@a8.net,Female,115.107.139.126,09/07/2002,16/06/2002
128,Rustie,Teall,rteall3j@usda.gov,Male,4.34.239.170,28/07/2018,26/11/2017
129,Annmaria,Mottershaw,amottershaw3k@plala.or.jp,Female,51.220.194.169,02/09/2019,21/04/2020
130,Sarina,Pinilla,spinilla3l@cmu.edu,Female,140.223.78.71,14/03/2007,23/09/2015
131,Mason,Southerton,msoutherton3m@jigsy.com,Male,221.185.145.40,28/01/2018,27/02/2023
132,Temple,Cleugher,tcleugher3n@is.gd,Male,205.25.185.8,27/12/2004,19/03/2018
133,Ode,Kenner,okenner3o@pbs.org,Genderqueer,141.124.193.91,11/06/2009,24/07/2012
134,Gage,Newton,gnewton3p@rediff.com,Male,33.50.244.150,11/02/2021,13/10/2009
135,Monika,Baigrie,mbaigrie3q@moonfruit.com,Female,9.100.26.103,07/03/2006,01/02/2008
136,Alana,Benninger,abenninger3r@princeton.edu,Female,127.113.56.121,01/11/2007,08/07/2017
137,Ezechiel,Stead,estead3s@baidu.com,Male,200.215.108.204,30/05/2014,27/06/2011
138,Al,Tash,atash3t@prlog.org,Male,156.131.215.69,03/07/2004,12/08/2013
139,Woodman,Ashe,washe3u@wordpress.com,Male,14.160.50.110,07/07/2022,07/06/2011
140,Zebadiah,Pietersen,zpietersen3v@usatoday.com,Male,155.125.124.195,09/04/2013,03/11/2022
141,Violante,Trowsdale,vtrowsdale3w@cisco.com,Female,162.83.236.165,29/08/2022,30/08/2018
142,Arman,Donaghy,adonaghy3x@google.com.br,Male,113.115.10.37,14/11/2007,20/04/2006
143,Jeannette,Scadding,jscadding3y@youku.com,Female,115.112.255.80,01/10/2011,08/03/2005
144,Robinia,Ponder,rponder3z@mozilla.com,Female,41.166.231.223,15/10/2008,23/03/2013
145,Raimondo,Whetnall,rwhetnall40@1und1.de,Male,22.130.236.54,17/06/2019,21/05/2001
146,Althea,Kestin,akestin41@whitehouse.gov,Female,255.11.78.169,08/01/2014,12/12/2000
147,Reynold,Conew,rconew42@netscape.com,Male,164.51.206.84,27/11/2006,26/09/2021
148,Imojean,Copestake,icopestake43@creativecommons.org,Female,142.239.6.137,11/07/2022,02/12/2000
149,Debi,Donne,ddonne44@ucoz.ru,Female,128.207.116.119,19/01/2018,29/06/2001
150,Michal,Oloman,moloman45@dyndns.org,Female,115.95.246.125,07/12/2008,23/09/2017
151,Winifred,Seel,wseel46@fda.gov,Female,150.249.110.222,17/07/2016,04/07/2021
152,Sasha,Plaschke,splaschke47@chronoengine.com,Male,47.110.65.84,20/04/2018,05/06/2006
153,Park,Sheach,psheach48@google.de,Male,36.181.252.133,06/08/2010,12/03/2023
154,Chick,Tick,ctick49@hhs.gov,Male,226.250.238.23,19/11/2002,14/09/2015
155,Chloette,Brierly,cbrierly4a@soundcloud.com,Female,255.23.0.50,14/03/2009,16/03/2009
156,Dionisio,Matschoss,dmatschoss4b@fema.gov,Male,231.118.101.195,28/10/2006,07/12/2020
157,Carmella,Leyson,cleyson4c@nifty.com,Female,51.93.236.207,08/11/2015,26/08/2008
158,Davon,Cardnell,dcardnell4d@techcrunch.com,Male,246.135.212.164,20/07/2006,26/04/2005
159,Ryan,Murra,rmurra4e@nbcnews.com,Male,222.2.51.27,24/12/2014,02/10/2014
160,Tiertza,Rhyme,trhyme4f@com.com,Female,136.66.3.242,01/11/2022,01/04/2014
161,Kylie,Woodes,kwoodes4g@dropbox.com,Polygender,31.199.95.29,04/02/2011,16/08/2014
162,Evelyn,Ashley,eashley4h@uol.com.br,Male,71.255.248.192,18/08/2013,16/11/2020
163,Ralf,Penrose,rpenrose4i@sina.com.cn,Male,89.91.98.213,29/06/2015,15/09/2009
164,Grier,Francecione,gfrancecione4j@bbc.co.uk,Female,221.11.205.121,17/09/2015,12/11/2006
165,Barclay,Winham,bwinham4k@discovery.com,Male,80.34.94.31,05/10/2005,29/11/2016
166,Dory,Bilsborrow,dbilsborrow4l@vkontakte.ru,Male,67.241.25.48,09/03/2014,25/04/2006
167,Cahra,Lyard,clyard4m@multiply.com,Female,83.201.192.231,03/11/2006,13/10/2014
168,Bertha,Reedie,breedie4n@w3.org,Female,165.20.59.128,11/05/2022,05/10/2002
169,Darn,Odom,dodom4o@surveymonkey.com,Polygender,181.111.48.202,06/11/2014,10/09/2011
170,Jackie,Fost,jfost4p@indiegogo.com,Male,131.234.101.147,08/06/2014,21/02/2022
171,Raymund,Stetson,rstetson4q@businessinsider.com,Male,151.163.166.198,23/01/2003,28/06/2008
172,Luke,Prinn,lprinn4r@skyrock.com,Male,233.80.67.56,24/03/2016,09/11/2017
173,Esmaria,Streater,estreater4s@booking.com,Genderqueer,126.3.103.255,10/05/2011,28/11/2009
174,Harmony,Christauffour,hchristauffour4t@hubpages.com,Female,59.203.125.118,23/05/2014,25/06/2008
175,Humfrey,Thorndycraft,hthorndycraft4u@imageshack.us,Male,112.212.117.171,31/10/2019,21/02/2020
176,Broddie,Mattaser,bmattaser4v@mapy.cz,Male,204.79.58.217,12/07/2016,17/12/2003
177,Conn,Reiners,creiners4w@time.com,Male,121.250.13.116,03/06/2007,14/02/2011
178,Briny,Earp,bearp4x@vistaprint.com,Female,53.191.2.17,19/06/2006,31/12/2004
179,Kean,Golledge,kgolledge4y@seesaa.net,Male,204.20.60.83,27/11/2003,06/11/2017
180,Rossy,Marfe,rmarfe4z@ucoz.com,Male,143.133.73.211,01/07/2003,13/10/2008
181,Becky,Tigner,btigner50@wordpress.org,Polygender,201.180.175.74,23/12/2010,27/11/2004
182,Maryrose,Itzkovwitch,mitzkovwitch51@plala.or.jp,Non-binary,172.40.108.223,22/10/2012,14/03/2014
183,Karlotte,Kembrey,kkembrey52@techcrunch.com,Female,65.178.93.245,09/06/2007,27/01/2016
184,Dill,Landsbury,dlandsbury53@scientificamerican.com,Male,34.138.93.6,11/12/2018,24/12/2004
185,Margareta,Brookhouse,mbrookhouse54@ehow.com,Female,52.233.235.107,13/01/2007,22/02/2019
186,Lombard,Gislebert,lgislebert55@php.net,Genderfluid,209.154.98.99,04/02/2018,17/02/2007
187,Dyan,Stuckow,dstuckow56@webeden.co.uk,Agender,224.191.192.82,01/08/2008,18/11/2005
188,Vail,Crier,vcrier57@mit.edu,Male,227.212.87.138,19/01/2010,10/05/2007
189,Thaine,Ramsbottom,tramsbottom58@t.co,Male,235.65.62.108,21/12/2004,10/09/2003
190,Onfroi,Lyman,olyman59@ovh.net,Male,72.249.252.18,26/10/2020,04/06/2015
191,Paddie,Wasteney,pwasteney5a@xinhuanet.com,Male,51.99.116.180,16/06/2010,21/05/2008
192,Sherry,McLernon,smclernon5b@netscape.com,Female,82.110.19.44,20/08/2019,04/05/2011
193,Uriel,Fernao,ufernao5c@time.com,Male,111.191.178.135,17/12/2015,29/01/2013
194,Claudia,Tryme,ctryme5d@godaddy.com,Female,106.143.59.17,19/01/2011,15/01/2010
195,Beatriz,Fargie,bfargie5e@sfgate.com,Polygender,126.80.139.204,13/01/2017,28/12/2016
196,Angelico,Champneys,achampneys5f@jiathis.com,Male,52.180.164.245,10/03/2007,15/08/2006
197,Atlanta,Boich,aboich5g@baidu.com,Female,210.142.214.95,27/06/2018,12/02/2023
198,Augie,Hesbrook,ahesbrook5h@irs.gov,Male,166.11.17.141,12/04/2020,06/12/2011
199,Lucina,Tozer,ltozer5i@toplist.cz,Female,30.124.89.71,27/08/2020,22/03/2001
200,Ailina,Waterstone,awaterstone5j@opera.com,Female,142.32.17.32,05/07/2020,19/10/2010
201,Waldo,Scibsey,wscibsey5k@washington.edu,Male,128.113.252.64,18/12/2011,26/04/2023
202,Toby,Alves,talves5l@blog.com,Genderqueer,109.38.251.90,22/12/2019,24/09/2018
203,Rona,Scoon,rscoon5m@163.com,Female,147.236.181.192,10/04/2004,16/10/2011
204,Lenard,Marner,lmarner5n@sogou.com,Polygender,18.177.226.30,19/04/2007,25/04/2006
205,Emylee,Dottrell,edottrell5o@arstechnica.com,Female,49.104.37.144,12/08/2006,01/02/2022
206,Evyn,Connue,econnue5p@youku.com,Male,183.15.54.152,22/03/2021,25/12/2008
207,Xever,Elcoat,xelcoat5q@cmu.edu,Male,188.58.39.114,03/09/2018,26/05/2001
208,Andy,Tolotti,atolotti5r@prweb.com,Male,39.152.121.117,09/10/2013,11/10/2004
209,Taite,Bowley,tbowley5s@chronoengine.com,Male,238.216.241.237,12/01/2020,19/04/2008
210,Virgilio,Flux,vflux5t@free.fr,Male,87.1.82.192,26/11/2006,28/05/2022
211,Benedetto,Gurko,bgurko5u@shop-pro.jp,Male,120.14.164.147,18/12/2017,05/09/2012
212,Ad,Jekyll,ajekyll5v@xinhuanet.com,Male,224.22.251.223,23/09/2003,02/06/2001
213,Garner,Dodgshon,gdodgshon5w@gov.uk,Male,68.68.138.76,11/11/2019,04/05/2009
214,Bayard,Gabriely,bgabriely5x@google.co.jp,Male,14.187.154.174,13/12/2003,28/05/2001
215,Griz,Wise,gwise5y@mozilla.org,Male,170.113.198.254,22/11/2019,21/09/2006
216,Hale,Colbron,hcolbron5z@wikipedia.org,Male,206.198.45.2,26/10/2018,16/12/2004
217,Miquela,Elloway,melloway60@parallels.com,Bigender,60.202.53.250,23/07/2013,28/04/2012
218,Milly,Gregine,mgregine61@amazonaws.com,Female,176.189.27.243,08/11/2004,26/03/2016
219,Harmonie,Groger,hgroger62@accuweather.com,Female,145.5.47.126,10/05/2005,12/04/2006
220,Cecilia,Mouat,cmouat63@wix.com,Female,210.31.109.171,21/10/2015,02/01/2006
221,Catherine,Zahor,czahor64@dailymotion.com,Female,185.63.122.70,05/11/2008,27/07/2013
222,Keefer,Habeshaw,khabeshaw65@narod.ru,Genderqueer,5.143.214.235,23/06/2014,08/01/2014
223,Kari,Daltrey,kdaltrey66@sourceforge.net,Female,228.81.252.246,07/01/2010,04/12/2018
224,Reginauld,Quiney,rquiney67@domainmarket.com,Male,8.133.130.115,12/01/2003,18/02/2013
225,Royal,Burnside,rburnside68@altervista.org,Male,98.213.80.121,26/05/2007,22/09/2005
226,Claribel,Crosser,ccrosser69@alibaba.com,Female,63.77.135.234,11/02/2004,27/05/2022
227,Kailey,Lurner,klurner6a@house.gov,Female,207.101.143.91,01/01/2002,17/10/2014
228,Nels,Sand,nsand6b@statcounter.com,Male,251.251.157.41,20/05/2005,21/07/2001
229,Jude,Divine,jdivine6c@networksolutions.com,Male,65.95.255.225,11/12/2007,16/05/2016
230,Jameson,Snazle,jsnazle6d@theatlantic.com,Male,196.227.69.189,08/10/2010,06/10/2019
231,Myrah,Ortega,mortega6e@soundcloud.com,Female,52.189.188.47,19/03/2014,14/09/2020
232,Terri,Stodhart,tstodhart6f@thetimes.co.uk,Male,142.94.192.17,20/09/2007,28/07/2008
233,Livy,Fasler,lfasler6g@blog.com,Female,206.95.71.156,26/04/2021,22/02/2001
234,Erroll,Earengey,eearengey6h@cbsnews.com,Male,85.141.139.214,05/05/2004,22/06/2001
235,Wainwright,Briskey,wbriskey6i@europa.eu,Male,3.177.159.42,08/01/2016,04/11/2018
236,Gib,Snowling,gsnowling6j@indiegogo.com,Male,32.36.181.224,22/08/2011,07/03/2002
237,Heath,Gridley,hgridley6k@bigcartel.com,Female,112.150.87.65,21/04/2006,26/04/2002
238,Vidovic,Letherbury,vletherbury6l@shop-pro.jp,Male,213.15.168.222,02/01/2011,08/02/2022
239,Adolph,Beckhouse,abeckhouse6m@unblog.fr,Male,99.10.105.192,20/08/2018,22/02/2015
240,Fairlie,Tribe,ftribe6n@bloglovin.com,Male,244.63.180.227,19/04/2001,08/03/2019
241,Wylma,Woolstenholmes,wwoolstenholmes6o@time.com,Female,89.28.42.3,01/12/2016,09/04/2018
242,Imojean,Sayers,isayers6p@lulu.com,Agender,74.196.79.154,26/11/2011,23/04/2006
243,Catharina,Yann,cyann6q@diigo.com,Female,189.152.130.175,26/10/2009,15/04/2006
244,Buckie,Antoniottii,bantoniottii6r@hubpages.com,Male,46.240.131.212,28/10/2012,27/12/2012
245,Auberta,Regenhardt,aregenhardt6s@123-reg.co.uk,Female,178.188.82.11,17/01/2021,13/04/2010
246,Shara,Oxborrow,soxborrow6t@blog.com,Female,82.20.187.77,04/12/2009,08/08/2017
247,Petronella,Meagh,pmeagh6u@meetup.com,Female,241.181.29.246,25/07/2008,29/10/2018
248,Hewe,Clyde,hclyde6v@cbsnews.com,Male,131.240.187.17,07/05/2002,12/02/2003
249,Christina,Ayree,cayree6w@intel.com,Female,223.109.123.141,05/10/2012,12/11/2019
250,Marc,Tofanelli,mtofanelli6x@dell.com,Male,151.184.216.100,09/06/2019,28/09/2016
251,Zebadiah,Schuchmacher,zschuchmacher6y@ezinearticles.com,Male,10.217.236.99,20/10/2001,28/10/2017
252,Taylor,Locarno,tlocarno6z@discuz.net,Male,255.55.120.71,05/07/2007,16/06/2003
253,Devlin,Rackley,drackley70@baidu.com,Male,116.210.66.88,11/01/2021,27/08/2001
254,Melissa,Pawfoot,mpawfoot71@samsung.com,Female,18.171.228.124,25/06/2004,21/02/2004
255,Yard,Mechic,ymechic72@stanford.edu,Male,196.197.20.211,07/04/2011,18/10/2020
256,Doris,Banasevich,dbanasevich73@tinyurl.com,Female,41.219.136.81,13/03/2003,13/09/2003
257,Lauryn,Kivlehan,lkivlehan74@godaddy.com,Female,46.184.42.152,01/06/2013,09/11/2019
258,Queenie,Lanham,qlanham75@meetup.com,Female,85.83.139.0,16/03/2019,26/12/2007
259,Merci,Hatto,mhatto76@jimdo.com,Female,133.130.92.231,04/11/2005,06/03/2007
260,Raimundo,Yashnov,ryashnov77@theatlantic.com,Male,193.209.203.57,02/06/2018,12/07/2016
261,Mirna,Raubenheimers,mraubenheimers78@live.com,Female,157.174.59.75,26/06/2009,05/11/2001
262,Phil,Deeks,pdeeks79@indiatimes.com,Female,255.202.95.97,18/12/2016,04/07/2017
263,Edee,Rice,erice7a@sakura.ne.jp,Female,56.199.212.253,25/10/2009,14/07/2003
264,Chickie,Stobie,cstobie7b@princeton.edu,Male,69.211.167.128,05/08/2006,24/12/2008
265,Daphene,Jindrich,djindrich7c@yale.edu,Female,204.144.140.249,14/05/2008,26/02/2015
266,Abeu,Kensington,akensington7d@google.es,Male,168.11.91.219,10/03/2007,10/08/2007
267,Vanni,Tristram,vtristram7e@intel.com,Female,130.5.203.43,05/01/2015,01/12/2007
268,El,Glacken,eglacken7f@parallels.com,Male,111.160.157.67,27/04/2005,23/06/2014
269,Dona,O'Scanlon,doscanlon7g@oaic.gov.au,Female,211.6.183.104,26/03/2007,17/08/2001
270,Bernardo,Redsall,bredsall7h@livejournal.com,Male,95.205.244.40,24/10/2014,14/06/2008
271,Say,Gouch,sgouch7i@wp.com,Male,217.59.113.111,18/08/2015,17/03/2019
272,Guillaume,Lyte,glyte7j@time.com,Non-binary,166.140.133.67,08/08/2014,30/12/2007
273,Seamus,Boakes,sboakes7k@cnbc.com,Male,9.124.208.47,16/09/2011,18/01/2012
274,Matthus,Harbron,mharbron7l@blog.com,Male,140.58.171.239,20/04/2012,15/12/2006
275,Goddard,Kalisch,gkalisch7m@google.ru,Male,108.249.14.162,22/11/2002,23/06/2019
276,Shaun,Newens,snewens7n@house.gov,Polygender,0.193.122.40,20/12/2005,28/02/2018
277,Reginald,Kunz,rkunz7o@newyorker.com,Male,132.103.189.152,12/09/2001,09/10/2004
278,Krissy,Grafham,kgrafham7p@arizona.edu,Female,106.233.213.38,10/10/2008,16/11/2021
279,Heida,Jemmett,hjemmett7q@people.com.cn,Female,162.107.233.91,26/03/2003,01/08/2011
280,Cam,Earthfield,cearthfield7r@un.org,Female,119.177.88.158,26/05/2018,21/08/2001
281,Sherlocke,Petrozzi,spetrozzi7s@bing.com,Male,236.251.207.113,17/02/2001,28/05/2007
282,Jude,Singyard,jsingyard7t@sun.com,Male,114.41.161.9,01/11/2014,09/09/2007
283,Ettie,Trahmel,etrahmel7u@cdc.gov,Female,226.217.240.37,20/08/2013,14/07/2004
284,Lynelle,Wankel,lwankel7v@twitter.com,Female,219.130.160.57,27/08/2001,14/08/2006
285,Dianemarie,Gritskov,dgritskov7w@google.fr,Female,116.209.62.165,23/06/2004,30/10/2011
286,Dom,Prendergrast,dprendergrast7x@psu.edu,Male,51.244.148.22,01/05/2006,03/04/2023
287,Deck,Gaffey,dgaffey7y@smugmug.com,Male,74.172.182.240,12/03/2012,09/02/2006
288,Jarrid,Steffan,jsteffan7z@wp.com,Male,116.228.168.135,15/04/2011,10/01/2023
289,Delila,Erdis,derdis80@moonfruit.com,Female,213.12.193.134,06/11/2007,05/01/2002
290,Wernher,Podbury,wpodbury81@oracle.com,Male,159.224.252.76,17/01/2009,03/09/2022
291,Trix,Planke,tplanke82@discuz.net,Genderqueer,178.230.122.5,07/07/2021,08/01/2010
292,Robby,Mangenet,rmangenet83@cbslocal.com,Female,249.98.173.109,26/12/2001,28/02/2018
293,Verena,Branford,vbranford84@youtube.com,Female,36.137.75.199,21/06/2004,01/08/2001
294,Nesta,Heinreich,nheinreich85@sun.com,Female,206.173.91.204,17/12/2004,24/07/2002
295,Neils,Pietranek,npietranek86@sfgate.com,Male,113.78.52.64,07/01/2011,24/11/2020
296,Denis,Humphrys,dhumphrys87@istockphoto.com,Genderqueer,2.109.180.25,12/07/2008,22/03/2018
297,Ross,Walford,rwalford88@google.com.au,Male,197.252.129.174,05/09/2011,22/10/2003
298,Enrique,Cansdill,ecansdill89@oracle.com,Male,67.107.101.157,08/06/2016,20/11/2017
299,Tonnie,Hodgen,thodgen8a@whitehouse.gov,Male,183.236.58.71,27/03/2017,25/12/2009
300,Reagen,Aitken,raitken8b@gnu.org,Male,247.250.223.254,19/06/2019,29/06/2004
301,Devin,Rayman,drayman8c@discovery.com,Female,110.41.111.65,09/02/2021,07/04/2016
302,Elston,Ferby,eferby8d@tinypic.com,Male,46.235.36.243,03/08/2015,14/03/2020
303,Margo,Huskinson,mhuskinson8e@comsenz.com,Female,170.144.111.35,28/09/2014,02/08/2012
304,Estel,Wilmot,ewilmot8f@amazon.de,Female,30.144.102.145,29/07/2020,18/03/2021
305,Mark,Ranken,mranken8g@clickbank.net,Male,8.85.229.94,23/10/2015,25/09/2005
306,Ali,Rickaert,arickaert8h@disqus.com,Agender,20.88.241.82,05/01/2002,10/07/2019
307,Svend,Duffyn,sduffyn8i@dailymotion.com,Male,32.34.107.169,29/06/2007,02/02/2002
308,Rosalind,Feehely,rfeehely8j@washingtonpost.com,Female,53.131.150.196,25/02/2013,01/04/2005
309,Caro,Fley,cfley8k@devhub.com,Genderfluid,70.171.103.201,08/06/2020,22/11/2009
310,Patsy,Jeaves,pjeaves8l@yahoo.com,Polygender,137.23.160.189,18/11/2003,10/04/2016
311,Antonella,Lowry,alowry8m@cnet.com,Female,135.211.226.75,29/07/2022,17/01/2020
312,Agretha,Zettoi,azettoi8n@google.co.jp,Female,89.151.105.177,27/07/2004,18/09/2007
313,Meredithe,Eamer,meamer8o@reddit.com,Female,93.51.111.89,27/07/2015,26/01/2015
314,Rosalinda,Scroxton,rscroxton8p@admin.ch,Female,212.128.57.126,25/10/2017,20/02/2015
315,Torey,Frith,tfrith8q@rakuten.co.jp,Male,234.189.254.35,12/09/2014,28/02/2014
316,Denni,Colls,dcolls8r@t-online.de,Female,52.192.69.160,10/11/2013,13/03/2018
317,Calypso,Urch,curch8s@hibu.com,Female,82.222.217.86,25/12/2009,09/11/2008
318,Hartwell,MacInnes,hmacinnes8t@free.fr,Male,159.214.67.8,22/12/2022,27/11/2014
319,Salmon,Crighton,scrighton8u@nationalgeographic.com,Male,183.247.232.211,08/09/2014,22/12/2000
320,Magda,Lyal,mlyal8v@ed.gov,Female,162.102.59.57,02/12/2012,27/03/2009
321,Sarge,Minard,sminard8w@wikipedia.org,Male,143.41.176.68,26/08/2001,23/12/2014
322,Kendell,Martine,kmartine8x@aboutads.info,Male,167.35.49.73,01/07/2020,13/02/2003
323,Maximilianus,Kewish,mkewish8y@de.vu,Male,191.183.227.89,27/10/2019,05/09/2021
324,Angel,Stebbing,astebbing8z@odnoklassniki.ru,Male,184.123.29.159,13/04/2010,01/09/2013
325,Nanci,Kettleson,nkettleson90@princeton.edu,Female,95.97.114.250,26/02/2011,05/09/2003
326,Dev,Wykes,dwykes91@networksolutions.com,Male,72.221.170.219,22/09/2007,19/04/2022
327,Laughton,Gerrey,lgerrey92@163.com,Male,68.163.24.232,20/01/2015,18/07/2010
328,Brant,Stucke,bstucke93@linkedin.com,Male,202.223.202.77,25/04/2022,24/09/2005
329,Cos,Mallatratt,cmallatratt94@stanford.edu,Male,124.23.43.55,01/04/2003,29/08/2014
330,Maryjo,Ilyuchyov,milyuchyov95@csmonitor.com,Female,94.146.23.171,16/04/2011,15/10/2012
331,Danyelle,Starking,dstarking96@cnbc.com,Female,215.208.105.29,31/08/2010,17/12/2006
332,Marius,Oakland,moakland97@cafepress.com,Bigender,7.83.195.224,30/06/2018,02/12/2015
333,Freddie,Paten,fpaten98@odnoklassniki.ru,Female,112.207.41.188,06/09/2002,29/03/2010
334,Peirce,Scurlock,pscurlock99@pen.io,Male,119.255.54.194,16/02/2009,26/06/2012
335,Teodorico,Verne,tverne9a@infoseek.co.jp,Male,55.205.248.113,08/12/2021,19/01/2015
336,Winne,Aslen,waslen9b@japanpost.jp,Female,129.118.42.161,13/06/2014,07/01/2012
337,Reginald,Morando,rmorando9c@indiegogo.com,Male,103.200.51.48,10/06/2002,20/05/2003
338,Sherilyn,Autie,sautie9d@constantcontact.com,Female,178.114.189.125,19/10/2005,07/04/2010
339,Rudyard,Guirard,rguirard9e@imgur.com,Male,218.248.22.122,28/07/2013,28/01/2023
340,Logan,Bazire,lbazire9f@ycombinator.com,Male,193.53.185.143,29/04/2003,25/05/2001
341,Jedediah,McRobert,jmcrobert9g@indiatimes.com,Male,65.58.86.209,26/10/2020,19/01/2013
342,Janaye,Wabey,jwabey9h@oracle.com,Female,137.250.88.48,14/01/2002,19/12/2009
343,Kristal,Grigolli,kgrigolli9i@tamu.edu,Female,116.73.121.189,19/05/2019,01/09/2010
344,Arline,Mullender,amullender9j@tmall.com,Female,54.73.60.249,12/10/2022,12/07/2008
345,Allis,Hickisson,ahickisson9k@lycos.com,Female,33.99.162.113,29/11/2014,13/07/2009
346,Eward,Lubomirski,elubomirski9l@wired.com,Male,240.89.231.7,29/03/2017,28/02/2017
347,Carma,Maycey,cmaycey9m@bloglines.com,Female,132.22.113.22,11/06/2011,10/12/2011
348,Alikee,Belward,abelward9n@fotki.com,Female,242.203.107.82,15/10/2010,11/03/2003
349,Gordie,Bloy,gbloy9o@opera.com,Male,167.104.206.70,18/01/2006,03/10/2014
350,Christel,Taysbil,ctaysbil9p@narod.ru,Female,86.50.77.230,25/05/2008,10/07/2012
351,Orelee,Lawleff,olawleff9q@dagondesign.com,Female,105.173.148.73,22/07/2014,09/06/2017
352,Moore,Wynrahame,mwynrahame9r@thetimes.co.uk,Male,191.179.98.255,18/03/2001,23/03/2022
353,Nealy,Atwater,natwater9s@wordpress.org,Male,112.147.112.76,29/03/2016,19/04/2006
354,Felipa,Bohling,fbohling9t@ucla.edu,Female,244.216.187.112,17/06/2004,30/12/2003
355,Colene,Karby,ckarby9u@amazonaws.com,Female,31.110.164.241,25/03/2004,20/06/2022
356,Alanson,Hundey,ahundey9v@cafepress.com,Male,109.87.216.82,25/12/2022,24/01/2002
357,Gannon,Stickland,gstickland9w@forbes.com,Male,95.49.68.196,17/03/2014,19/09/2017
358,Kingston,Zanicchi,kzanicchi9x@freewebs.com,Male,214.238.49.226,05/11/2005,22/04/2008
359,Augustine,Chang,achang9y@uiuc.edu,Genderqueer,24.165.110.241,16/06/2010,10/01/2014
360,Etti,Studdard,estuddard9z@reuters.com,Female,242.228.62.70,03/06/2012,12/04/2017
361,Merna,Copp,mcoppa0@irs.gov,Bigender,89.58.174.29,10/10/2014,22/02/2003
362,Vick,Merigon,vmerigona1@cnn.com,Bigender,1.215.253.149,11/02/2018,21/07/2011
363,Tilda,Bauer,tbauera2@shutterfly.com,Female,165.231.19.69,21/05/2007,11/11/2014
364,Shanta,Hearthfield,shearthfielda3@microsoft.com,Agender,77.172.219.26,18/05/2014,20/12/2019
365,Carney,Backes,cbackesa4@mapy.cz,Male,174.245.96.121,29/03/2021,18/08/2019
366,Wally,Mattiello,wmattielloa5@ebay.com,Polygender,22.172.225.44,03/07/2007,06/07/2019
367,Urbano,Lawton,ulawtona6@fotki.com,Male,28.9.218.130,02/10/2015,23/06/2009
368,Dwayne,Skerritt,dskerritta7@furl.net,Male,148.168.21.177,19/03/2011,16/03/2008
369,Marta,Steynor,msteynora8@hostgator.com,Genderqueer,68.81.25.229,09/07/2018,22/03/2007
370,Godfree,MacDavitt,gmacdavitta9@ft.com,Male,104.10.211.135,25/08/2016,26/08/2013
371,Anabel,Ramalhete,aramalheteaa@abc.net.au,Female,81.34.193.127,09/10/2010,10/07/2016
372,Chico,Eitter,ceitterab@mozilla.com,Male,162.172.140.74,05/12/2022,20/11/2013
373,Norton,Cockshoot,ncockshootac@arizona.edu,Bigender,215.161.200.214,16/12/2021,04/02/2013
374,Freida,Turnock,fturnockad@vinaora.com,Female,20.213.196.218,16/04/2004,07/04/2003
375,Fergus,Weale,fwealeae@ftc.gov,Male,149.193.164.222,06/05/2019,23/07/2015
376,Sheffy,Giottini,sgiottiniaf@kickstarter.com,Male,249.146.187.122,28/11/2010,27/06/2012
377,Gav,Abbet,gabbetag@blogspot.com,Male,236.156.125.97,17/03/2023,28/01/2010
378,Adela,Roth,arothah@github.io,Female,104.157.144.125,11/06/2008,20/12/2009
379,Kitty,McQuilkin,kmcquilkinai@pcworld.com,Female,33.16.18.2,02/09/2018,24/01/2003
380,Sydney,Showen,sshowenaj@mapy.cz,Male,197.106.248.241,01/08/2021,17/01/2008
381,Barbie,Ingarfield,bingarfieldak@shutterfly.com,Female,150.204.122.101,02/12/2014,30/07/2002
382,Artur,Murdoch,amurdochal@state.gov,Male,53.9.58.108,20/04/2014,19/01/2001
383,Jeralee,Lomasny,jlomasnyam@upenn.edu,Bigender,160.47.2.228,12/12/2003,09/02/2001
384,Eulalie,Wringe,ewringean@e-recht24.de,Female,51.76.247.251,27/10/2015,06/04/2008
385,Adelle,Botha,abothaao@census.gov,Bigender,0.165.112.32,27/05/2003,15/04/2015
386,Bettine,Allanson,ballansonap@omniture.com,Female,44.46.123.127,23/10/2009,20/12/2015
387,Bret,Gelardi,bgelardiaq@angelfire.com,Male,220.36.112.173,20/05/2014,05/11/2004
388,Israel,McKevitt,imckevittar@craigslist.org,Male,85.226.167.126,02/11/2003,09/08/2006
389,Ingemar,McBoyle,imcboyleas@google.de,Male,49.251.87.138,27/09/2009,12/02/2016
390,Carita,Borrington,cborringtonat@51.la,Female,50.139.20.246,14/02/2003,30/09/2009
391,Francine,Parfrey,fparfreyau@hugedomains.com,Female,253.209.236.158,04/12/2007,09/11/2008
392,Helga,Gowry,hgowryav@upenn.edu,Female,123.75.102.170,26/03/2002,17/02/2004
393,Finlay,Bunson,fbunsonaw@photobucket.com,Male,157.58.96.246,24/04/2015,23/02/2007
394,Stirling,Jenman,sjenmanax@merriam-webster.com,Male,67.246.230.151,22/09/2017,22/03/2014
395,Devinne,Keoghane,dkeoghaneay@google.es,Female,82.91.168.183,27/11/2016,03/06/2007
396,Sibylla,Maccree,smaccreeaz@last.fm,Female,3.154.237.48,16/01/2003,13/08/2021
397,Kittie,Batrip,kbatripb0@livejournal.com,Female,63.80.137.134,27/05/2006,06/09/2001
398,Rayner,Albery,ralberyb1@ask.com,Male,244.193.48.40,30/08/2007,26/09/2006
399,Ludwig,Hayland,lhaylandb2@artisteer.com,Male,155.1.176.191,09/10/2008,21/03/2003
400,Samara,Marple,smarpleb3@angelfire.com,Female,242.101.148.206,04/03/2019,02/07/2014
401,Antons,Krabbe,akrabbeb4@spotify.com,Male,70.147.182.105,28/09/2014,29/05/2004
402,Kevyn,Vyel,kvyelb5@g.co,Female,6.242.209.138,23/06/2008,06/07/2013
403,Laurice,Hearle,lhearleb6@nih.gov,Female,131.223.68.189,23/01/2017,22/05/2022
404,Northrup,Vallis,nvallisb7@lycos.com,Male,216.237.115.88,29/04/2016,31/03/2012
405,Myranda,Low,mlowb8@myspace.com,Bigender,129.165.248.207,15/02/2004,21/02/2003
406,Clayborne,De Nisco,cdeniscob9@sohu.com,Male,235.0.218.22,26/01/2005,17/07/2009
407,Janis,Beach,jbeachba@jugem.jp,Female,229.56.21.198,03/06/2020,12/12/2018
408,Sidonia,Cloonan,scloonanbb@ucoz.ru,Female,97.210.136.133,03/02/2019,19/04/2021
409,Gayel,Catenot,gcatenotbc@nasa.gov,Female,60.38.230.168,12/08/2012,30/04/2019
410,Vern,Mochar,vmocharbd@friendfeed.com,Male,87.199.109.157,08/03/2014,01/08/2022
411,Kimbell,Haxley,khaxleybe@oaic.gov.au,Male,55.240.21.194,05/07/2019,12/05/2014
412,Gunther,Jennison,gjennisonbf@about.me,Male,165.164.30.222,05/06/2018,12/11/2009
413,Adorne,Moatt,amoattbg@people.com.cn,Female,203.44.217.107,01/07/2017,12/04/2022
414,Brandy,Gauson,bgausonbh@edublogs.org,Male,160.202.246.255,05/06/2001,23/08/2012
415,Elias,Coy,ecoybi@myspace.com,Male,89.78.193.190,29/01/2009,23/03/2010
416,Tyler,Brunroth,tbrunrothbj@homestead.com,Male,232.44.84.214,22/09/2019,04/06/2002
417,Camilla,Niesing,cniesingbk@hc360.com,Female,150.70.104.235,19/06/2017,31/12/2015
418,Giacobo,Wringe,gwringebl@unc.edu,Male,169.8.123.99,29/07/2009,17/07/2001
419,Yurik,Posnette,yposnettebm@infoseek.co.jp,Male,230.218.176.9,20/12/2009,22/08/2016
420,Clementina,Barends,cbarendsbn@toplist.cz,Non-binary,7.48.119.245,27/10/2017,23/03/2008
421,Kelsi,Vamplers,kvamplersbo@arstechnica.com,Female,240.226.138.223,05/04/2017,26/09/2001
422,Chaddy,Mackness,cmacknessbp@dailymail.co.uk,Male,179.48.71.138,16/10/2010,13/02/2019
423,Reinaldo,Mauchline,rmauchlinebq@unblog.fr,Male,34.244.213.45,10/09/2004,03/02/2001
424,Carley,Hesey,cheseybr@engadget.com,Female,168.128.172.16,30/11/2002,07/02/2020
425,Hort,Reitenbach,hreitenbachbs@businessinsider.com,Male,238.65.147.25,19/05/2020,22/11/2011
426,Puff,Parvin,pparvinbt@ucla.edu,Male,7.200.22.220,08/08/2022,05/03/2013
427,Shalom,Djakovic,sdjakovicbu@vkontakte.ru,Non-binary,5.250.204.131,04/09/2004,20/06/2009
428,Keane,Van Son,kvansonbv@ucla.edu,Male,51.76.227.22,04/08/2015,13/03/2023
429,Flint,Taye,ftayebw@ezinearticles.com,Male,67.38.255.74,17/12/2010,11/08/2002
430,Nan,Britch,nbritchbx@ihg.com,Female,125.197.130.206,28/05/2020,05/02/2012
431,Morgan,Eisikowitch,meisikowitchby@facebook.com,Male,2.149.216.149,19/09/2002,18/12/2007
432,Jared,Madders,jmaddersbz@about.com,Male,184.127.52.103,04/12/2007,20/08/2021
433,Town,Narraway,tnarrawayc0@youtu.be,Male,57.52.57.105,21/12/2015,20/01/2002
434,Karlen,Tuther,ktutherc1@independent.co.uk,Female,241.23.0.244,04/08/2010,07/03/2020
435,Doretta,Dakin,ddakinc2@un.org,Female,247.220.24.88,26/07/2004,01/07/2007
436,Bernie,Rowes,browesc3@webnode.com,Male,15.4.18.251,15/08/2017,24/06/2005
437,Meghann,Snare,msnarec4@yelp.com,Female,17.74.27.145,08/12/2017,29/07/2016
438,Holden,Cockshutt,hcockshuttc5@friendfeed.com,Male,3.184.72.42,26/07/2005,17/05/2014
439,Alric,Holson,aholsonc6@webnode.com,Male,230.168.36.43,29/09/2014,11/07/2006
440,Roy,Bastard,rbastardc7@ovh.net,Male,219.231.148.114,13/01/2017,29/05/2001
441,Raleigh,Haug,rhaugc8@intel.com,Male,86.34.49.218,12/01/2018,28/10/2017
442,Catina,Heddon,cheddonc9@weibo.com,Female,115.184.13.74,30/12/2002,19/12/2000
443,Hana,Worsell,hworsellca@stumbleupon.com,Female,48.27.205.219,27/01/2018,05/01/2020
444,Shae,Beattie,sbeattiecb@adobe.com,Male,17.221.253.140,06/10/2020,02/02/2018
445,Gabie,Stegell,gstegellcc@dmoz.org,Female,191.131.15.94,04/07/2021,31/01/2002
446,Coop,Fasham,cfashamcd@about.me,Genderfluid,192.106.97.218,29/11/2018,07/08/2016
447,Rosita,Aspling,rasplingce@independent.co.uk,Female,77.61.219.70,25/03/2012,30/04/2021
448,Hyacinthie,Wadelin,hwadelincf@nationalgeographic.com,Female,253.18.194.140,10/07/2017,12/05/2012
449,Brittan,Batts,bbattscg@dagondesign.com,Female,59.144.4.24,12/11/2004,27/08/2021
450,Nickola,Braidley,nbraidleych@psu.edu,Male,176.189.36.45,10/09/2003,15/09/2008
451,Rustie,Over,roverci@amazonaws.com,Male,129.100.178.107,16/11/2004,29/05/2012
452,Alvira,Giovanazzi,agiovanazzicj@cisco.com,Female,105.168.39.247,22/11/2015,01/03/2002
453,Tyrone,Fishbourn,tfishbournck@gizmodo.com,Male,99.176.208.81,08/02/2008,20/04/2004
454,Celia,Harsum,charsumcl@ifeng.com,Female,118.124.18.161,24/05/2006,15/01/2020
455,Latisha,Verne,lvernecm@shutterfly.com,Female,175.149.208.232,15/10/2001,26/06/2013
456,Ginger,Argue,garguecn@cdc.gov,Female,211.225.193.201,12/02/2021,30/08/2016
457,Merle,Gawke,mgawkeco@wisc.edu,Female,18.137.218.206,22/01/2012,28/08/2003
458,Guillermo,Calkin,gcalkincp@edublogs.org,Male,74.255.176.102,24/04/2008,18/01/2008
459,Florance,Bracchi,fbracchicq@addtoany.com,Agender,99.104.164.252,19/03/2023,16/05/2013
460,Orren,Hek,ohekcr@unesco.org,Male,44.199.64.151,04/05/2005,21/06/2004
461,Evy,Zanicchelli,ezanicchellics@over-blog.com,Female,219.244.223.61,01/05/2020,10/06/2006
462,Yoko,Szymonwicz,yszymonwiczct@ehow.com,Female,157.225.27.169,21/04/2018,24/05/2008
463,Kirstyn,Arents,karentscu@bravesites.com,Female,103.248.61.168,08/02/2020,27/08/2022
464,Phillida,Grigoriscu,pgrigoriscucv@example.com,Female,151.30.156.179,19/08/2002,07/07/2005
465,Caspar,Carrane,ccarranecw@flavors.me,Male,136.61.115.119,30/09/2015,16/01/2006
466,Katharina,Loosmore,kloosmorecx@woothemes.com,Female,34.155.46.132,04/03/2002,25/12/2017
467,Dame,Aldritt,daldrittcy@eventbrite.com,Male,29.97.201.28,30/09/2018,05/11/2012
468,Guthrey,St. Paul,gstpaulcz@smugmug.com,Male,16.27.40.25,03/11/2010,28/12/2021
469,Elwira,Coathup,ecoathupd0@about.com,Female,234.25.165.100,22/02/2010,20/08/2018
470,Hale,Binnion,hbinniond1@elpais.com,Male,121.5.19.172,31/01/2020,02/01/2011
471,Osmond,Linfoot,olinfootd2@woothemes.com,Male,133.198.85.220,11/03/2019,12/06/2018
472,Juli,Rowledge,jrowledged3@wikispaces.com,Female,36.56.173.151,04/05/2012,04/05/2022
473,Cassie,Gietz,cgietzd4@privacy.gov.au,Female,93.251.206.46,22/03/2013,05/12/2019
474,Alasdair,McKiddin,amckiddind5@mediafire.com,Male,15.31.93.44,15/11/2005,19/05/2021
475,Mireille,Rosenstock,mrosenstockd6@yellowbook.com,Female,61.28.38.120,24/09/2012,11/04/2018
476,Donielle,Glasheen,dglasheend7@devhub.com,Female,214.199.172.131,30/06/2004,11/07/2012
477,Caye,Clell,cclelld8@goo.gl,Female,181.179.31.72,01/04/2021,14/08/2006
478,Davis,Held,dheldd9@pagesperso-orange.fr,Non-binary,220.246.118.169,18/06/2017,12/09/2020
479,Silvie,Maulkin,smaulkinda@last.fm,Female,139.230.202.140,26/07/2009,22/01/2021
480,Falkner,Conrath,fconrathdb@opensource.org,Male,26.59.253.160,05/07/2017,03/03/2009
481,Ethelind,Heatley,eheatleydc@last.fm,Female,202.44.60.93,19/10/2004,27/03/2003
482,Henderson,Paszek,hpaszekdd@patch.com,Male,94.31.207.65,07/07/2012,21/09/2014
483,Filippo,Argent,fargentde@google.ru,Male,64.143.113.23,25/06/2022,11/01/2011
484,Nita,Berard,nberarddf@craigslist.org,Agender,68.228.72.87,14/02/2018,23/10/2003
485,Anthia,Hessentaler,ahessentalerdg@ycombinator.com,Female,176.131.139.133,27/08/2016,30/09/2009
486,Carolynn,Bougourd,cbougourddh@hp.com,Female,12.34.244.19,10/07/2022,26/09/2012
487,Chico,O Mullen,comullendi@hibu.com,Male,16.202.186.74,28/12/2019,09/02/2009
488,Darnell,Leicester,dleicesterdj@zdnet.com,Male,97.78.81.188,07/12/2022,17/12/2020
489,Mirabelle,Lander,mlanderdk@intel.com,Female,149.127.22.253,29/05/2012,27/12/2015
490,Thedric,Behning,tbehningdl@indiegogo.com,Male,102.114.128.102,11/08/2011,24/07/2015
491,Lolita,Seagar,lseagardm@senate.gov,Agender,43.93.65.44,10/06/2005,14/06/2019
492,Reamonn,Dawidsohn,rdawidsohndn@soundcloud.com,Male,82.125.93.116,31/03/2018,23/09/2020
493,Kain,Deinert,kdeinertdo@so-net.ne.jp,Male,66.53.177.176,16/12/2022,11/09/2022
494,Elmira,McQuirter,emcquirterdp@cargocollective.com,Female,72.60.124.106,04/04/2015,01/10/2010
495,Xylina,Bonwell,xbonwelldq@spiegel.de,Female,35.5.188.104,30/04/2009,30/07/2013
496,Desdemona,Gomer,dgomerdr@wisc.edu,Female,31.46.181.140,02/06/2005,17/02/2021
497,Pascale,Shobbrook,pshobbrookds@domainmarket.com,Male,253.45.36.91,07/11/2011,03/04/2004
498,Raul,Wasbrough,rwasbroughdt@myspace.com,Male,63.26.144.93,13/06/2015,02/06/2004
499,Darcee,Verrillo,dverrillodu@mac.com,Female,133.46.23.3,26/02/2019,27/05/2005
500,Felicio,Vasse,fvassedv@weibo.com,Male,17.238.82.252,05/02/2022,26/12/2011
501,Teodoor,Eccersley,teccersleydw@csmonitor.com,Male,132.187.223.3,26/08/2005,25/10/2019
502,Jo-ann,Antoney,jantoneydx@hp.com,Female,225.233.142.206,20/11/2015,04/04/2023
503,Ashleigh,Dowers,adowersdy@ask.com,Non-binary,219.105.187.254,19/12/2019,05/03/2019
504,Dorice,Werny,dwernydz@multiply.com,Female,64.22.226.209,10/01/2016,04/07/2015
505,Kelsey,Brettel,kbrettele0@java.com,Male,218.156.194.13,12/08/2012,12/11/2021
506,Rudd,Collisson,rcollissone1@exblog.jp,Male,117.80.128.126,02/04/2012,25/05/2020
507,Dukie,Abrashkov,dabrashkove2@mapy.cz,Genderqueer,53.71.144.59,16/10/2015,24/03/2007
508,Clem,Virr,cvirre3@storify.com,Male,52.167.251.46,06/04/2016,09/04/2023
509,Clim,Calltone,ccalltonee4@cafepress.com,Non-binary,94.193.159.88,17/07/2015,29/05/2022
510,Ara,Filppetti,afilppettie5@telegraph.co.uk,Male,156.239.88.228,13/08/2017,06/01/2021
511,Evanne,Pipe,epipee6@histats.com,Female,104.193.13.185,20/07/2002,30/09/2014
512,Ottilie,Enbury,oenburye7@mit.edu,Female,94.187.37.174,29/03/2021,10/04/2002
513,Cassie,Hodge,chodgee8@cmu.edu,Female,15.153.52.82,03/03/2005,02/08/2001
514,Hilda,Espinola,hespinolae9@noaa.gov,Polygender,233.145.45.200,14/04/2023,22/05/2016
515,Nanci,Tyson,ntysonea@vk.com,Female,54.80.209.75,28/03/2021,04/08/2014
516,Arleta,Wapplington,awapplingtoneb@stumbleupon.com,Female,7.24.121.103,09/12/2005,17/11/2005
517,Stanford,Trumble,strumbleec@aol.com,Male,245.78.214.100,09/01/2018,17/02/2001
518,Evyn,Bidewell,ebidewelled@liveinternet.ru,Male,243.123.12.132,20/12/2009,12/06/2022
519,Josephina,Huyge,jhuygeee@skyrock.com,Polygender,9.145.56.29,11/09/2019,19/07/2004
520,Woody,Ace,waceef@sbwire.com,Male,67.147.24.206,22/01/2001,11/09/2013
521,Nehemiah,Snarie,nsnarieeg@ox.ac.uk,Male,181.223.142.120,08/12/2013,22/10/2013
522,Maxi,Glave,mglaveeh@si.edu,Genderqueer,130.181.245.19,23/03/2023,12/12/2000
523,Ketti,Hundell,khundellei@i2i.jp,Female,149.114.185.220,17/12/2019,14/01/2003
524,Emmey,Morgen,emorgenej@blog.com,Female,199.83.128.231,15/01/2013,21/04/2010
525,Vasili,Flann,vflannek@hostgator.com,Genderqueer,34.20.136.246,26/10/2003,16/02/2014
526,Friederike,English,fenglishel@archive.org,Female,255.239.28.50,23/04/2017,05/02/2015
527,Ebenezer,MacSkeagan,emacskeaganem@bloglovin.com,Male,27.100.82.63,11/01/2005,22/10/2009
528,Sky,Jeyes,sjeyesen@nsw.gov.au,Male,109.242.165.134,15/06/2021,20/05/2015
529,Dani,Sneaker,dsneakereo@utexas.edu,Male,1.48.185.62,13/12/2016,29/11/2021
530,Raddie,Lovewell,rlovewellep@sbwire.com,Male,190.48.207.193,07/05/2007,24/03/2005
531,Rivy,Rudeforth,rrudefortheq@cdbaby.com,Female,0.106.56.52,01/12/2004,25/01/2022
532,Beilul,Simonazzi,bsimonazzier@rediff.com,Female,1.213.191.143,16/10/2003,04/06/2019
533,Bryce,Brand-Hardy,bbrandhardyes@hp.com,Male,59.228.107.233,15/03/2005,10/12/2002
534,Clark,Kerwin,ckerwinet@state.tx.us,Male,164.63.90.105,16/07/2009,25/02/2011
535,Sabrina,Conquer,sconquereu@springer.com,Female,190.96.33.30,18/07/2018,09/08/2018
536,Jodi,Bonnyson,jbonnysonev@dmoz.org,Male,126.30.201.63,23/04/2012,18/08/2006
537,Zackariah,Bichard,zbichardew@bluehost.com,Male,93.212.208.214,28/08/2003,08/07/2013
538,Rhodia,Leon,rleonex@yahoo.com,Female,132.178.89.136,18/10/2012,09/05/2014
539,Ugo,Owain,uowainey@arstechnica.com,Male,251.235.63.240,16/10/2004,10/09/2008
540,Iggy,Paradin,iparadinez@imdb.com,Male,229.69.36.150,08/10/2015,20/12/2006
541,Ariela,McPheat,amcpheatf0@icq.com,Female,233.255.218.152,07/06/2021,19/05/2007
542,Adelice,Alentyev,aalentyevf1@goo.gl,Agender,151.132.36.240,30/01/2014,20/05/2018
543,Scarlett,Ellyatt,sellyattf2@fotki.com,Female,20.3.235.173,26/01/2007,10/08/2006
544,Lynsey,Sirman,lsirmanf3@cafepress.com,Female,90.231.148.116,05/06/2010,09/05/2012
545,Arnaldo,Huntar,ahuntarf4@cloudflare.com,Male,128.149.131.27,22/01/2020,06/08/2010
546,Tessi,Oddy,toddyf5@mtv.com,Female,21.57.157.220,04/07/2007,26/10/2013
547,Allie,Jessup,ajessupf6@tinypic.com,Female,240.219.118.166,23/06/2005,10/02/2004
548,Poul,Davys,pdavysf7@networkadvertising.org,Male,173.69.243.26,19/11/2010,23/08/2009
549,Jarrett,Knath,jknathf8@google.fr,Non-binary,85.35.250.14,17/01/2002,22/11/2007
550,Garrott,Suffield,gsuffieldf9@mit.edu,Male,157.33.69.118,25/06/2021,10/12/2009
551,Miles,Hancill,mhancillfa@google.de,Male,147.147.187.203,27/11/2019,15/09/2014
552,Aguistin,Beaument,abeaumentfb@biblegateway.com,Male,26.19.235.134,17/01/2017,21/01/2018
553,Rogers,Leys,rleysfc@independent.co.uk,Male,157.21.158.13,08/03/2020,17/04/2002
554,Amye,Leonards,aleonardsfd@slate.com,Female,201.232.192.52,06/09/2019,20/03/2009
555,Leslie,Jakubczyk,ljakubczykfe@uiuc.edu,Female,245.2.142.166,25/09/2013,21/08/2017
556,Regan,Shane,rshaneff@yahoo.co.jp,Male,76.63.214.176,03/04/2012,19/05/2018
557,Thaxter,Hew,thewfg@redcross.org,Male,162.58.182.74,11/07/2004,10/09/2011
558,Gilda,Goulthorp,ggoulthorpfh@eventbrite.com,Female,51.199.35.227,29/03/2008,20/09/2020
559,Abramo,Henriet,ahenrietfi@accuweather.com,Male,181.229.37.220,09/12/2021,25/06/2015
560,Huberto,Matresse,hmatressefj@mashable.com,Male,121.175.82.82,11/04/2022,15/01/2005
561,Lovell,Doward,ldowardfk@zimbio.com,Male,93.169.81.9,15/04/2014,14/06/2016
562,Gertrude,McCahill,gmccahillfl@businessinsider.com,Female,181.128.122.178,07/08/2002,16/01/2022
563,Leoine,Frame,lframefm@shop-pro.jp,Female,42.156.118.77,25/09/2019,28/12/2012
564,Penny,Dziwisz,pdziwiszfn@smugmug.com,Male,249.1.3.124,16/12/2021,08/03/2005
565,Willa,McGrayle,wmcgraylefo@amazon.de,Female,141.9.160.194,01/12/2008,30/09/2007
566,Aurthur,Timewell,atimewellfp@nih.gov,Male,205.154.90.87,26/01/2001,11/05/2014
567,Noami,MacLaughlin,nmaclaughlinfq@liveinternet.ru,Female,169.173.9.130,31/03/2022,30/07/2007
568,Lelia,Sansbury,lsansburyfr@mashable.com,Female,94.28.209.188,19/02/2006,28/06/2009
569,Mirilla,Wiersma,mwiersmafs@vinaora.com,Female,38.7.103.232,09/05/2012,06/09/2012
570,Keven,Malam,kmalamft@elegantthemes.com,Male,89.43.138.42,10/08/2004,12/06/2015
571,Brody,Ciottoi,bciottoifu@miitbeian.gov.cn,Male,119.141.194.220,27/12/2015,06/02/2001
572,Sully,Morcombe,smorcombefv@illinois.edu,Male,0.100.229.138,07/01/2013,01/12/2002
573,Maris,Whate,mwhatefw@google.pl,Female,175.47.198.81,24/10/2001,11/02/2013
574,Granny,Cullum,gcullumfx@domainmarket.com,Male,131.154.224.188,06/10/2003,18/02/2018
575,Kaia,Fradson,kfradsonfy@unblog.fr,Female,152.198.115.6,13/12/2003,24/03/2016
576,Feliks,Hardison,fhardisonfz@google.com.au,Male,80.218.234.27,13/11/2011,31/07/2014
577,Page,Santo,psantog0@odnoklassniki.ru,Male,243.57.67.35,23/01/2015,21/09/2019
578,Hilly,Swadon,hswadong1@drupal.org,Male,66.15.53.150,16/11/2020,19/03/2004
579,Dell,Lott,dlottg2@noaa.gov,Male,111.91.90.227,25/12/2005,05/02/2012
580,Homere,Bischoff,hbischoffg3@wsj.com,Male,99.194.159.62,10/02/2011,19/04/2021
581,Garnette,Dowey,gdoweyg4@ow.ly,Female,212.64.209.95,27/08/2005,20/05/2012
582,Alistair,Paolini,apaolinig5@tmall.com,Male,211.169.64.211,03/12/2015,10/05/2014
583,Druci,Piotrkowski,dpiotrkowskig6@merriam-webster.com,Female,58.85.226.227,03/07/2008,17/05/2013
584,Isa,di Rocca,idiroccag7@themeforest.net,Female,224.229.232.204,08/11/2012,15/11/2017
585,Leupold,Hoble,lhobleg8@earthlink.net,Male,49.124.51.202,12/02/2023,01/09/2021
586,Zilvia,Boddice,zboddiceg9@arstechnica.com,Female,224.6.251.177,08/08/2007,12/10/2020
587,Llewellyn,Allum,lallumga@people.com.cn,Non-binary,99.236.21.111,21/11/2021,28/10/2014
588,Claudian,Downgate,cdowngategb@shop-pro.jp,Male,93.73.109.144,19/09/2018,01/05/2013
589,Magdalena,Willcocks,mwillcocksgc@nytimes.com,Female,7.233.131.113,17/08/2001,01/02/2007
590,Nyssa,Philp,nphilpgd@friendfeed.com,Female,195.223.219.116,12/02/2023,12/10/2014
591,Dylan,Kiddye,dkiddyege@wsj.com,Male,116.216.126.144,25/09/2017,10/02/2009
592,Lauren,Saville,lsavillegf@microsoft.com,Male,187.126.135.103,07/03/2005,21/05/2006
593,Luz,Fettiplace,lfettiplacegg@census.gov,Female,133.132.217.176,25/01/2018,27/02/2012
594,Tyler,Basek,tbasekgh@delicious.com,Male,25.186.123.48,15/03/2015,06/07/2022
595,Avis,Alston,aalstongi@psu.edu,Female,16.231.60.67,08/07/2020,16/08/2013
596,Lorenzo,FitzGibbon,lfitzgibbongj@w3.org,Male,237.83.59.80,06/12/2007,23/03/2004
597,Florella,Horsefield,fhorsefieldgk@nytimes.com,Female,208.46.20.183,27/04/2014,10/03/2001
598,Claudelle,Drynan,cdrynangl@ezinearticles.com,Female,110.96.40.234,13/03/2005,03/03/2005
599,Norbie,Cordova,ncordovagm@gizmodo.com,Male,108.73.169.86,03/12/2008,30/08/2009
600,Anne-marie,Oxlade,aoxladegn@technorati.com,Female,95.161.66.67,24/08/2002,29/06/2001
601,Phelia,Erwin,perwingo@state.tx.us,Female,146.44.130.59,31/03/2016,03/02/2002
602,Francklin,Herche,fherchegp@ifeng.com,Male,141.138.32.32,15/04/2005,28/10/2019
603,Romain,Ungerer,rungerergq@oaic.gov.au,Male,133.165.25.66,21/02/2001,29/05/2008
604,Kennith,Neubigin,kneubigingr@goo.gl,Male,106.60.38.148,09/05/2013,16/08/2016
605,Nicolai,Whitrod,nwhitrodgs@amazon.de,Male,189.82.254.5,20/04/2004,30/05/2001
606,Peggi,Jerzykiewicz,pjerzykiewiczgt@jugem.jp,Female,248.51.194.183,26/10/2008,12/04/2019
607,Hadlee,Everleigh,heverleighgu@salon.com,Male,249.38.241.121,13/05/2006,11/09/2009
608,Hermy,Grebner,hgrebnergv@shutterfly.com,Male,23.67.37.126,31/12/2015,05/08/2006
609,Isaac,Mioni,imionigw@ameblo.jp,Male,10.233.146.125,07/10/2006,30/08/2020
610,Brew,Ballay,bballaygx@wikia.com,Male,153.194.174.244,14/02/2012,10/04/2008
611,Chancey,Hulburd,chulburdgy@reddit.com,Male,20.1.55.229,31/05/2015,22/04/2021
612,Robinia,Wynrehame,rwynrehamegz@infoseek.co.jp,Female,158.151.138.238,19/09/2001,03/02/2013
613,Philippa,Kalvin,pkalvinh0@github.com,Female,44.65.251.69,24/09/2010,07/07/2009
614,Glori,Goulbourn,ggoulbournh1@imgur.com,Female,90.244.255.234,20/11/2006,13/01/2007
615,El,Gelardi,egelardih2@ocn.ne.jp,Male,142.136.138.38,24/12/2002,11/12/2010
616,Edward,Hernik,ehernikh3@csmonitor.com,Male,218.238.172.184,05/09/2006,19/12/2004
617,Edsel,Harmson,eharmsonh4@blog.com,Male,209.190.127.3,07/05/2012,07/05/2005
618,Donavon,Muscat,dmuscath5@hubpages.com,Genderfluid,97.110.116.150,18/02/2021,21/04/2013
619,Pete,Bellord,pbellordh6@blogger.com,Male,15.146.108.140,08/07/2017,04/09/2008
620,Esme,Vasyukhnov,evasyukhnovh7@miitbeian.gov.cn,Female,160.165.71.167,28/09/2001,18/12/2003
621,Stacie,Tarply,starplyh8@nature.com,Female,105.196.156.148,23/08/2007,17/07/2014
622,Alasdair,Vankin,avankinh9@army.mil,Male,37.26.51.20,12/10/2021,14/01/2020
623,Minetta,Feavyour,mfeavyourha@guardian.co.uk,Female,57.74.108.251,20/08/2018,11/07/2015
624,Jania,Tirrell,jtirrellhb@elpais.com,Female,8.183.70.153,08/05/2016,20/11/2018
625,Delainey,Courtois,dcourtoishc@cloudflare.com,Male,12.254.191.208,07/01/2017,27/11/2009
626,Clyde,Scates,cscateshd@zdnet.com,Polygender,203.250.86.185,29/08/2007,20/05/2002
627,Allen,Fereday,aferedayhe@netscape.com,Male,38.29.21.65,01/04/2019,11/03/2022
628,Vitoria,Cleator,vcleatorhf@tmall.com,Female,199.17.215.49,09/08/2002,28/09/2012
629,Fanny,Risebarer,frisebarerhg@qq.com,Female,38.245.16.202,28/01/2021,25/04/2023
630,Jules,Lapping,jlappinghh@sfgate.com,Male,20.3.37.59,18/09/2012,16/12/2014
631,Kearney,Boswell,kboswellhi@yahoo.com,Male,111.249.165.231,25/06/2017,19/11/2013
632,Koenraad,Mateev,kmateevhj@people.com.cn,Male,178.168.111.212,22/07/2013,15/07/2014
633,Tallie,Garthshore,tgarthshorehk@taobao.com,Female,123.115.220.51,17/09/2020,05/08/2019
634,Aila,Orme,aormehl@devhub.com,Female,62.75.254.72,17/09/2017,18/03/2002
635,Randi,Lambdin,rlambdinhm@weather.com,Female,82.104.106.169,06/07/2019,24/12/2021
636,Hurley,Shyram,hshyramhn@vistaprint.com,Male,70.3.231.240,12/06/2006,09/02/2008
637,Nobie,Pietrzyk,npietrzykho@nymag.com,Male,66.39.102.236,20/11/2016,15/03/2014
638,Erhard,Gateland,egatelandhp@ca.gov,Male,204.101.62.9,04/01/2018,24/03/2009
639,Brok,Paget,bpagethq@hatena.ne.jp,Male,174.55.160.121,11/03/2013,06/05/2017
640,Lew,Davidovitch,ldavidovitchhr@flavors.me,Polygender,136.158.190.122,14/12/2012,02/02/2001
641,Carrie,Norcross,cnorcrosshs@sina.com.cn,Female,25.186.137.152,09/02/2016,20/06/2021
642,Walton,Rubra,wrubraht@surveymonkey.com,Male,135.45.125.163,13/06/2005,09/12/2020
643,Lynette,Seamer,lseamerhu@soup.io,Female,185.218.114.190,24/01/2010,13/06/2009
644,Mitchell,Sargeaunt,msargeaunthv@nymag.com,Male,186.119.205.189,04/09/2016,30/09/2012
645,Vida,Truelock,vtruelockhw@army.mil,Female,170.84.134.21,27/03/2003,25/11/2013
646,Howie,Sandham,hsandhamhx@buzzfeed.com,Polygender,29.44.91.187,19/03/2008,31/10/2004
647,Jillayne,Byrd,jbyrdhy@odnoklassniki.ru,Female,249.95.156.176,09/02/2020,31/10/2011
648,Adrian,Amorts,aamortshz@360.cn,Genderqueer,137.187.125.79,02/01/2015,24/10/2015
649,Skipper,Bennis,sbennisi0@sina.com.cn,Male,36.172.103.243,05/05/2007,20/04/2007
650,Whitman,Krimmer,wkrimmeri1@blogger.com,Male,188.179.50.246,30/11/2010,18/06/2018
651,Malchy,Beeckx,mbeeckxi2@webnode.com,Agender,162.231.252.203,26/03/2011,10/08/2022
652,Dee,Hinz,dhinzi3@drupal.org,Female,188.130.144.233,23/12/2009,16/05/2009
653,Agosto,Cottle,acottlei4@360.cn,Male,149.195.28.25,08/08/2006,19/06/2008
654,Leighton,Trynor,ltrynori5@irs.gov,Male,221.186.116.90,22/11/2001,03/11/2008
655,Stephan,Geare,sgearei6@google.nl,Male,153.109.191.228,23/03/2007,16/02/2003
656,Athene,Yoskowitz,ayoskowitzi7@samsung.com,Female,78.252.202.156,02/12/2022,10/07/2017
657,Durward,Darrach,ddarrachi8@umich.edu,Male,99.235.175.213,09/06/2012,13/07/2012
658,Brendis,Beggini,bbegginii9@yellowpages.com,Male,211.148.0.109,01/12/2000,05/04/2005
659,Harley,Cambden,hcambdenia@ca.gov,Female,67.168.57.75,11/03/2010,28/04/2001
660,Keelby,Mullan,kmullanib@cnet.com,Polygender,235.71.143.100,09/02/2004,23/08/2002
661,Nelia,Athridge,nathridgeic@sfgate.com,Agender,237.158.191.249,10/12/2009,24/05/2017
662,Grange,De Filippi,gdefilippiid@china.com.cn,Male,178.164.163.149,17/10/2010,29/05/2002
663,Cari,Arboin,carboinie@amazon.com,Female,171.103.134.134,01/05/2023,24/07/2006
664,Tim,Farn,tfarnif@dropbox.com,Male,142.220.172.131,26/06/2013,05/07/2007
665,Levey,Gover,lgoverig@indiegogo.com,Male,52.217.156.26,14/07/2003,27/07/2004
666,Krishnah,Letch,kletchih@prnewswire.com,Male,75.181.150.215,14/07/2021,11/06/2005
667,Kalle,Kira,kkiraii@google.pl,Male,226.174.139.15,27/09/2012,07/09/2008
668,Pepito,Beckinsale,pbeckinsaleij@mapy.cz,Male,131.50.219.153,06/05/2021,11/09/2013
669,Arvy,O'Carmody,aocarmodyik@wiley.com,Male,237.188.77.209,31/01/2007,13/05/2020
670,Flora,McGebenay,fmcgebenayil@altervista.org,Female,139.204.24.174,22/11/2002,26/05/2005
671,Nil,Dayton,ndaytonim@scribd.com,Male,157.170.225.96,04/09/2018,20/12/2010
672,Phaidra,Ismead,pismeadin@harvard.edu,Genderfluid,192.222.217.173,25/01/2023,21/12/2020
673,Clare,Eva,cevaio@1und1.de,Male,161.96.116.198,25/11/2002,15/01/2011
674,Gallard,Marcombe,gmarcombeip@etsy.com,Male,75.22.90.146,21/05/2016,13/12/2017
675,Ronald,Urry,rurryiq@forbes.com,Male,65.190.93.68,27/11/2004,21/07/2004
676,Lexine,Gibling,lgiblingir@xinhuanet.com,Female,193.54.197.128,26/06/2002,27/03/2009
677,Juliet,Randales,jrandalesis@surveymonkey.com,Female,203.15.240.11,21/08/2002,18/05/2010
678,Samara,Esselin,sesselinit@columbia.edu,Female,91.115.34.44,10/10/2019,08/07/2002
679,Gus,Griffitt,ggriffittiu@creativecommons.org,Male,95.95.244.208,02/12/2000,14/07/2022
680,Shannon,Sutherel,ssuthereliv@earthlink.net,Male,216.65.32.146,07/12/2019,29/06/2002
681,Johnath,Alsop,jalsopiw@walmart.com,Female,237.83.182.106,26/10/2014,15/08/2015
682,Sorcha,Ondrusek,sondrusekix@google.nl,Female,242.2.218.189,30/12/2009,13/10/2022
683,Maud,Pithcock,mpithcockiy@baidu.com,Female,18.15.118.94,22/03/2012,11/09/2018
684,Ellery,Eads,eeadsiz@wikimedia.org,Male,100.180.90.127,14/01/2021,09/09/2002
685,Quint,Annatt,qannattj0@ca.gov,Male,25.247.147.242,06/10/2017,12/02/2023
686,Casey,Umfrey,cumfreyj1@devhub.com,Female,14.119.195.182,27/11/2022,09/12/2012
687,Lacey,Meagh,lmeaghj2@fc2.com,Female,0.80.203.144,15/05/2003,12/08/2009
688,Udell,Goldhill,ugoldhillj3@netlog.com,Male,215.219.68.246,29/11/2008,24/11/2002
689,Natale,Goly,ngolyj4@boston.com,Male,80.148.189.184,31/08/2019,04/06/2007
690,Nicolai,Bailie,nbailiej5@berkeley.edu,Male,78.125.118.70,20/04/2006,23/08/2016
691,Elliott,Poge,epogej6@wikimedia.org,Male,54.96.78.39,18/09/2013,22/07/2019
692,Kevina,Mowen,kmowenj7@shareasale.com,Female,209.241.228.226,08/10/2008,26/02/2020
693,Brunhilda,Redfearn,bredfearnj8@skyrock.com,Female,1.128.104.116,15/09/2006,01/11/2004
694,Letitia,Kornacki,lkornackij9@bravesites.com,Female,210.165.66.55,02/05/2010,05/07/2011
695,Seth,Golda,sgoldaja@theglobeandmail.com,Male,255.90.189.39,20/06/2021,02/05/2003
696,Whitney,Chaize,wchaizejb@pinterest.com,Female,134.184.233.247,29/03/2021,08/09/2015
697,Derby,Brushfield,dbrushfieldjc@state.gov,Male,117.198.230.95,19/09/2007,20/06/2005
698,Spike,Rivard,srivardjd@ibm.com,Male,84.82.115.189,05/01/2013,06/01/2018
699,Noll,Hagyard,nhagyardje@blog.com,Male,177.58.62.14,21/06/2018,01/07/2018
700,Kareem,Swinyard,kswinyardjf@t.co,Male,158.33.242.237,16/05/2014,21/01/2005
701,Mia,Dugood,mdugoodjg@friendfeed.com,Female,52.211.61.48,10/03/2003,22/03/2021
702,Kellina,Isoldi,kisoldijh@xrea.com,Female,237.66.145.161,18/09/2011,25/02/2013
703,Augy,Godmer,agodmerji@cyberchimps.com,Male,197.58.122.37,12/08/2005,01/08/2021
704,Fredi,MacCurley,fmaccurleyjj@51.la,Female,100.153.102.229,05/11/2006,28/04/2023
705,Nikolia,Booler,nboolerjk@bizjournals.com,Female,89.66.221.104,11/04/2001,26/12/2011
706,Lydia,Melding,lmeldingjl@clickbank.net,Female,11.242.70.26,06/01/2008,22/09/2018
707,Katinka,Swindon,kswindonjm@soundcloud.com,Female,126.245.108.132,16/05/2007,04/02/2019
708,Daisy,Dukesbury,ddukesburyjn@netlog.com,Female,24.235.152.168,03/04/2014,19/08/2005
709,Germain,McCourtie,gmccourtiejo@dell.com,Male,58.40.34.234,25/11/2016,16/08/2003
710,Malcolm,Chapiro,mchapirojp@cyberchimps.com,Male,39.186.120.234,07/08/2021,04/02/2010
711,Andromache,Wintersgill,awintersgilljq@1688.com,Bigender,53.170.203.2,10/10/2001,14/07/2020
712,Tymon,Westbury,twestburyjr@spiegel.de,Male,143.69.137.93,30/12/2012,13/06/2020
713,Bradley,Byrd,bbyrdjs@ox.ac.uk,Male,205.218.242.197,18/03/2015,16/01/2004
714,Cullin,Dixsee,cdixseejt@newyorker.com,Male,137.26.127.126,10/04/2009,29/09/2021
715,Xena,Tutton,xtuttonju@forbes.com,Female,60.51.159.12,22/12/2020,14/05/2008
716,Reagen,McGinny,rmcginnyjv@weebly.com,Male,4.179.176.234,09/04/2005,23/03/2013
717,Hal,Hayden,hhaydenjw@sfgate.com,Genderfluid,97.208.135.238,30/03/2014,09/10/2013
718,Andrey,Dollar,adollarjx@tinyurl.com,Male,76.46.170.69,20/11/2020,09/01/2009
719,Morris,Josiah,mjosiahjy@forbes.com,Male,240.5.31.74,20/09/2017,11/10/2019
720,Richmond,Simoncelli,rsimoncellijz@deviantart.com,Male,252.118.28.158,01/11/2008,10/11/2002
721,Ario,Saiger,asaigerk0@qq.com,Male,112.82.59.74,24/01/2018,16/05/2012
722,Tyson,Paolozzi,tpaolozzik1@desdev.cn,Polygender,216.106.29.179,12/09/2017,04/11/2022
723,Bobbee,Trigwell,btrigwellk2@eventbrite.com,Female,162.158.43.253,04/12/2010,20/09/2020
724,Theodosia,Sargison,tsargisonk3@shareasale.com,Female,92.195.105.121,23/01/2005,02/06/2014
725,Jeffy,Wandrack,jwandrackk4@bandcamp.com,Male,211.167.241.116,04/01/2008,23/08/2002
726,Jobey,Lemmens,jlemmensk5@state.tx.us,Female,181.197.171.73,21/07/2005,07/08/2012
727,Darbie,O'Lahy,dolahyk6@fema.gov,Agender,197.103.239.92,27/09/2006,14/09/2006
728,Thebault,Patrie,tpatriek7@jigsy.com,Male,67.150.93.24,14/02/2016,27/11/2022
729,Dimitry,Blazejewski,dblazejewskik8@tmall.com,Male,191.214.24.231,02/03/2010,22/04/2002
730,Rolando,Ofener,rofenerk9@slideshare.net,Agender,59.41.158.176,22/04/2008,25/02/2019
731,Sayer,Pickworth,spickworthka@usnews.com,Male,57.122.119.229,28/05/2021,14/05/2019
732,Arlena,Irlam,airlamkb@google.pl,Female,148.7.160.213,27/04/2017,20/10/2008
733,Bradan,Bilovsky,bbilovskykc@cnn.com,Male,117.254.35.245,06/07/2022,17/05/2001
734,Tan,Blackleech,tblackleechkd@de.vu,Male,45.59.42.206,23/04/2008,08/02/2009
735,Frants,Gerrans,fgerranske@shutterfly.com,Male,11.148.253.56,18/04/2018,13/10/2010
736,Pepito,Fearn,pfearnkf@symantec.com,Male,14.160.206.38,24/06/2005,19/07/2020
737,Eve,Rockwell,erockwellkg@ustream.tv,Female,90.30.174.226,04/12/2007,04/05/2010
738,Howie,Schonfelder,hschonfelderkh@desdev.cn,Male,211.140.188.24,17/01/2009,08/04/2017
739,Carmella,McKeaney,cmckeaneyki@who.int,Bigender,201.159.253.215,06/04/2002,11/02/2011
740,Beatrisa,Heyns,bheynskj@springer.com,Female,19.11.73.208,16/06/2003,12/02/2012
741,Laural,Castellini,lcastellinikk@craigslist.org,Female,88.120.184.48,22/05/2003,25/09/2022
742,Natty,Ibbett,nibbettkl@sitemeter.com,Female,254.217.76.3,11/10/2010,12/04/2016
743,Deane,Bewicke,dbewickekm@1und1.de,Male,56.189.7.139,10/05/2011,23/04/2009
744,Rica,Heaney`,rheaneykn@techcrunch.com,Genderqueer,72.130.16.227,10/08/2020,03/04/2016
745,Giustino,O'Gormally,gogormallyko@globo.com,Male,189.120.138.71,20/12/2012,14/12/2008
746,Samson,Marskell,smarskellkp@goodreads.com,Male,210.54.117.126,20/12/2008,30/08/2001
747,Elvera,Syalvester,esyalvesterkq@patch.com,Female,117.166.95.32,04/12/2003,26/02/2007
748,Jada,Mistry,jmistrykr@joomla.org,Female,1.220.95.150,28/05/2012,09/08/2007
749,Isidore,Morrilly,imorrillyks@columbia.edu,Male,82.60.230.84,08/05/2001,01/01/2022
750,Chev,Wilkie,cwilkiekt@angelfire.com,Male,229.63.191.189,10/12/2021,29/03/2017
751,Cecilla,Baudi,cbaudiku@ezinearticles.com,Female,13.180.117.200,22/07/2009,08/05/2022
752,Abbe,Craggs,acraggskv@homestead.com,Female,254.16.28.200,07/04/2018,23/10/2014
753,Jobey,Vinnick,jvinnickkw@topsy.com,Female,156.12.255.124,15/07/2020,10/01/2018
754,Vina,McQuorkell,vmcquorkellkx@pbs.org,Genderqueer,52.123.125.93,18/07/2013,08/08/2008
755,Gerald,Farren,gfarrenky@meetup.com,Male,234.102.6.138,10/06/2001,30/09/2005
756,Salem,Oldman,soldmankz@sfgate.com,Male,23.132.124.184,14/08/2012,12/04/2022
757,Silvie,Tumini,stuminil0@miitbeian.gov.cn,Female,59.72.110.9,18/09/2009,05/02/2018
758,Hamel,Victor,hvictorl1@nba.com,Male,196.19.119.155,21/02/2009,12/07/2022
759,Ree,Treske,rtreskel2@sitemeter.com,Female,84.241.24.172,14/09/2012,12/06/2006
760,Issi,Krelle,ikrellel3@apple.com,Female,91.125.36.161,14/01/2001,15/06/2017
761,Thedric,Relton,treltonl4@cisco.com,Male,60.207.200.168,27/02/2021,31/05/2003
762,Mallory,Schimmang,mschimmangl5@irs.gov,Male,30.123.111.97,21/10/2001,25/08/2008
763,Lavena,Toulson,ltoulsonl6@latimes.com,Female,160.134.122.43,19/01/2015,22/11/2021
764,Shirl,Grissett,sgrissettl7@epa.gov,Female,63.150.147.66,13/05/2018,27/10/2020
765,Ellen,Disney,edisneyl8@ycombinator.com,Female,41.45.43.184,17/04/2014,18/09/2008
766,Morly,Heminsley,mheminsleyl9@go.com,Male,207.209.33.138,08/01/2019,16/02/2005
767,Nichole,Roast,nroastla@discovery.com,Male,125.132.90.191,28/11/2015,24/01/2013
768,Erny,Carnier,ecarnierlb@vimeo.com,Male,103.12.144.221,30/07/2017,20/10/2010
769,Sephira,Neil,sneillc@yale.edu,Female,72.73.134.138,08/12/2010,13/12/2010
770,Gabriele,Denidge,gdenidgeld@unesco.org,Male,24.247.1.246,21/09/2003,10/03/2002
771,Piggy,Kimmel,pkimmelle@cdbaby.com,Male,53.140.96.90,18/06/2010,04/11/2014
772,Amalle,Slimme,aslimmelf@techcrunch.com,Female,141.228.202.110,14/11/2022,06/08/2013
773,Morrie,Swaine,mswainelg@blogs.com,Male,51.148.33.235,31/10/2020,25/02/2004
774,Justen,McCurrie,jmccurrielh@cnn.com,Male,238.130.191.62,13/01/2008,20/03/2021
775,Stanford,Medway,smedwayli@cyberchimps.com,Male,46.164.97.30,19/03/2018,04/06/2010
776,Karlik,Thomlinson,kthomlinsonlj@guardian.co.uk,Male,96.132.225.11,19/04/2014,17/05/2010
777,Shepperd,Haberjam,shaberjamlk@bigcartel.com,Male,58.226.119.87,11/01/2016,04/02/2007
778,Eliot,Corran,ecorranll@miitbeian.gov.cn,Male,238.53.235.23,24/09/2009,16/01/2023
779,Glenna,Busain,gbusainlm@creativecommons.org,Female,165.21.0.178,29/11/2005,31/08/2011
780,Rosabel,Coetzee,rcoetzeeln@ebay.com,Non-binary,56.142.111.206,11/11/2011,25/11/2002
781,Langsdon,Fries,lfrieslo@studiopress.com,Male,148.208.24.40,01/03/2020,05/10/2014
782,Kermie,Bunney,kbunneylp@census.gov,Male,148.96.167.32,12/01/2020,13/10/2002
783,Aindrea,Bonelle,abonellelq@arstechnica.com,Female,21.65.174.202,23/12/2002,11/01/2005
784,Gearalt,De Cruz,gdecruzlr@va.gov,Male,61.44.89.141,04/11/2006,14/08/2015
785,Jennilee,Strutley,jstrutleyls@tripod.com,Female,72.116.83.15,02/01/2001,30/06/2002
786,Marguerite,Youson,myousonlt@discovery.com,Female,157.77.135.241,15/10/2020,20/12/2013
787,Ardyce,Millmoe,amillmoelu@joomla.org,Female,13.232.126.86,15/02/2011,03/06/2009
788,Jermaine,Hawker,jhawkerlv@list-manage.com,Male,182.155.71.30,20/11/2010,20/04/2005
789,Aprilette,Tukely,atukelylw@yellowpages.com,Non-binary,57.217.80.196,29/12/2003,22/10/2022
790,Stirling,Gergher,sgergherlx@amazon.co.jp,Male,227.78.114.224,26/08/2012,24/11/2002
791,Kassandra,Muzzini,kmuzzinily@desdev.cn,Female,251.197.190.152,27/01/2003,05/08/2018
792,Randal,Lermit,rlermitlz@canalblog.com,Male,175.200.103.209,11/08/2011,04/01/2005
793,Binny,Gianninotti,bgianninottim0@shop-pro.jp,Female,127.70.143.82,05/03/2008,12/06/2001
794,Grete,Hazlegrove,ghazlegrovem1@apple.com,Female,144.166.185.154,18/04/2009,18/01/2006
795,Tilly,Extal,textalm2@baidu.com,Female,57.160.251.54,13/10/2017,11/10/2013
796,Sibelle,Ruit,sruitm3@oracle.com,Female,144.161.174.246,23/05/2012,10/02/2022
797,Demetra,Van der Velden,dvanderveldenm4@icio.us,Female,169.174.61.40,05/10/2018,22/10/2005
798,Diena,Cowill,dcowillm5@cnn.com,Female,219.131.150.27,29/08/2006,05/02/2017
799,Letitia,Puttan,lputtanm6@deliciousdays.com,Genderqueer,56.145.56.166,03/09/2015,24/02/2009
800,Doria,McCathy,dmccathym7@psu.edu,Female,65.35.126.191,29/05/2020,17/07/2017
801,Francklyn,Sell,fsellm8@nih.gov,Male,97.74.128.40,20/11/2018,08/12/2017
802,Geoffrey,Jeannesson,gjeannessonm9@phpbb.com,Male,179.40.254.173,18/06/2003,26/08/2018
803,Sonnie,Swanne,sswannema@fotki.com,Female,253.119.171.175,06/01/2008,08/02/2009
804,Shelby,Nealand,snealandmb@toplist.cz,Female,105.16.147.31,02/04/2016,08/01/2009
805,Legra,Shevlan,lshevlanmc@bizjournals.com,Female,39.219.155.1,24/09/2020,28/02/2009
806,Vasily,Checci,vcheccimd@ameblo.jp,Male,210.65.162.22,02/09/2013,22/04/2003
807,Aarika,Wolfarth,awolfarthme@nba.com,Female,118.170.82.185,27/11/2002,23/08/2021
808,Curcio,Dermott,cdermottmf@netvibes.com,Male,17.87.177.153,06/02/2007,29/10/2008
809,Constanta,Bourdon,cbourdonmg@google.cn,Female,164.24.238.184,04/05/2018,01/04/2010
810,Donia,Piggins,dpigginsmh@cdc.gov,Female,51.15.85.84,14/07/2005,02/03/2016
811,Nickola,Bazek,nbazekmi@omniture.com,Male,183.183.166.182,14/07/2009,09/07/2010
812,Symon,Belham,sbelhammj@cnn.com,Male,231.119.67.87,30/04/2020,14/08/2004
813,Stanford,Condon,scondonmk@acquirethisname.com,Male,57.76.211.109,22/12/2001,31/07/2020
814,Jermaine,MacGoun,jmacgounml@microsoft.com,Female,107.233.89.253,13/06/2020,04/04/2018
815,Marleen,Warboys,mwarboysmm@microsoft.com,Female,190.178.10.166,01/09/2009,10/02/2009
816,Riki,Pyke,rpykemn@dion.ne.jp,Bigender,149.229.141.222,19/06/2011,05/03/2004
817,Ellie,Drewry,edrewrymo@wp.com,Female,177.54.58.154,13/07/2003,18/09/2010
818,Danit,Flips,dflipsmp@cnet.com,Female,77.32.63.118,25/01/2017,28/05/2010
819,Eldon,Melton,emeltonmq@delicious.com,Male,86.186.2.234,24/11/2022,07/12/2016
820,Spencer,Denisot,sdenisotmr@senate.gov,Genderqueer,182.161.246.36,13/09/2001,22/05/2018
821,Malchy,Gretton,mgrettonms@addthis.com,Male,217.105.215.170,14/11/2003,15/04/2016
822,Alphonse,Emilien,aemilienmt@aol.com,Male,217.75.35.216,08/09/2001,09/04/2014
823,Gregorius,Mabon,gmabonmu@com.com,Male,245.93.113.125,29/09/2019,10/05/2013
824,Weylin,Endle,wendlemv@nbcnews.com,Male,187.53.180.5,16/05/2011,17/11/2004
825,Mitchel,Jeannin,mjeanninmw@irs.gov,Male,230.200.59.160,17/04/2008,06/10/2014
826,Barbaraanne,Ellin,bellinmx@craigslist.org,Female,219.123.84.84,10/07/2012,01/03/2022
827,Maurits,Stigger,mstiggermy@sogou.com,Male,158.153.199.182,01/06/2011,24/08/2008
828,Marcello,Duffrie,mduffriemz@stanford.edu,Male,92.70.84.210,14/04/2002,08/04/2003
829,Roberta,Hawler,rhawlern0@dmoz.org,Genderfluid,94.127.52.35,07/06/2004,07/04/2013
830,Shay,Axon,saxonn1@so-net.ne.jp,Genderfluid,134.152.220.4,24/04/2010,10/07/2020
831,Irma,Ridwood,iridwoodn2@columbia.edu,Female,211.123.135.13,28/05/2012,07/01/2013
832,Glendon,McWhannel,gmcwhanneln3@angelfire.com,Male,221.246.204.175,31/10/2014,02/03/2021
833,Nanette,Franklin,nfranklinn4@sina.com.cn,Female,130.95.197.98,29/04/2015,13/08/2018
834,Nat,McCaghan,nmccaghann5@cargocollective.com,Genderqueer,162.135.161.1,04/12/2003,30/10/2003
835,Nolie,Mackiewicz,nmackiewiczn6@google.com,Female,142.113.196.119,08/12/2020,22/10/2008
836,Kareem,Jupe,kjupen7@ihg.com,Male,112.230.123.203,07/01/2008,29/09/2014
837,Franklin,Gasperi,fgasperin8@devhub.com,Male,40.44.221.40,08/12/2016,22/04/2004
838,Devin,Martinon,dmartinonn9@cdc.gov,Female,248.189.56.245,09/12/2020,09/06/2006
839,Florida,Sowersby,fsowersbyna@jimdo.com,Female,130.184.63.132,04/08/2002,05/01/2017
840,Mose,Ferraretto,mferrarettonb@wp.com,Male,241.45.93.171,19/08/2004,18/11/2008
841,Danya,Dries,ddriesnc@blogspot.com,Genderqueer,172.232.0.224,21/02/2005,07/12/2004
842,Diane,Eliet,delietnd@gmpg.org,Female,71.57.87.172,06/06/2022,21/10/2020
843,Susanne,Simonite,ssimonitene@creativecommons.org,Female,51.200.23.192,11/10/2006,09/06/2001
844,Datha,Milley,dmilleynf@biglobe.ne.jp,Female,110.170.207.196,07/05/2003,26/04/2018
845,Hercule,Lindenfeld,hlindenfeldng@mayoclinic.com,Male,0.170.225.72,28/02/2003,23/02/2008
846,Leona,Broinlich,lbroinlichnh@networksolutions.com,Female,244.27.163.76,11/04/2012,12/02/2008
847,Elmer,Dunhill,edunhillni@vkontakte.ru,Male,220.152.125.223,23/04/2020,06/04/2006
848,Taddeusz,O'Hanley,tohanleynj@slideshare.net,Male,56.201.194.1,07/06/2021,04/03/2017
849,Athene,Haye,ahayenk@house.gov,Female,56.51.155.248,13/10/2011,27/07/2002
850,Kiri,Roggers,kroggersnl@epa.gov,Female,230.186.253.146,11/07/2012,27/07/2002
851,Heath,Emmot,hemmotnm@sohu.com,Female,151.48.110.127,05/06/2009,18/10/2007
852,Davie,Bridgnell,dbridgnellnn@slideshare.net,Male,27.172.77.175,03/11/2020,17/11/2014
853,Theodore,Pautot,tpautotno@state.gov,Male,217.121.138.148,10/05/2019,19/12/2019
854,Tallia,Bann,tbannnp@github.io,Female,33.212.139.75,12/02/2006,09/02/2002
855,Shamus,Trout,stroutnq@boston.com,Male,12.37.128.120,19/03/2002,10/02/2015
856,Dolly,Elflain,delflainnr@imageshack.us,Female,28.185.159.155,06/05/2006,04/02/2014
857,Kittie,Lounds,kloundsns@webmd.com,Female,211.237.164.105,04/12/2009,06/10/2008
858,Carolus,Stanbra,cstanbrant@forbes.com,Male,210.9.124.7,18/04/2005,18/04/2006
859,Bernardina,Leetham,bleethamnu@free.fr,Female,134.234.25.64,12/03/2003,07/09/2001
860,Romola,Mugford,rmugfordnv@bravesites.com,Bigender,251.183.70.47,04/05/2021,27/09/2004
861,Cosetta,Conybear,cconybearnw@kickstarter.com,Female,52.244.60.172,16/08/2005,23/05/2020
862,Nobe,O'Donnell,nodonnellnx@npr.org,Male,164.69.129.0,18/08/2010,28/06/2006
863,Simonne,Eilert,seilertny@wikipedia.org,Female,228.141.166.113,17/01/2019,12/01/2006
864,Ted,Peotz,tpeotznz@webnode.com,Male,175.182.68.141,26/02/2014,13/02/2017
865,Holt,Chue,hchueo0@nbcnews.com,Male,78.4.121.245,16/09/2015,22/02/2010
866,Elfrida,Lardeux,elardeuxo1@economist.com,Genderqueer,239.223.151.140,31/07/2003,11/01/2015
867,Retha,Willeman,rwillemano2@fastcompany.com,Female,57.130.165.51,21/10/2021,29/07/2009
868,Kerwin,Putterill,kputterillo3@weather.com,Male,50.74.115.153,31/05/2015,28/06/2019
869,Terrijo,Penvarden,tpenvardeno4@dailymail.co.uk,Female,44.104.40.13,19/04/2001,16/06/2009
870,Vasili,Rathmell,vrathmello5@addthis.com,Male,217.239.58.209,06/12/2021,14/11/2009
871,Belinda,Jenicek,bjeniceko6@mtv.com,Female,172.62.96.20,08/09/2015,30/08/2011
872,Bourke,Dirkin,bdirkino7@washington.edu,Male,122.23.185.133,08/12/2014,22/05/2006
873,Gussy,Palethorpe,gpalethorpeo8@360.cn,Female,143.2.200.104,12/01/2003,09/02/2016
874,Allyce,Paulin,apaulino9@bandcamp.com,Female,0.13.129.138,06/04/2013,14/09/2003
875,Kristal,Jagielski,kjagielskioa@mapquest.com,Genderfluid,63.176.248.89,17/05/2019,09/03/2021
876,Denver,Dows,ddowsob@nhs.uk,Male,225.86.216.108,28/10/2005,11/06/2002
877,Carlita,Eslie,ceslieoc@slate.com,Female,181.58.126.85,23/04/2016,27/05/2021
878,Sharla,Garrat,sgarratod@altervista.org,Female,102.173.8.4,10/11/2011,12/04/2013
879,Stanislaw,Flemmich,sflemmichoe@yellowpages.com,Male,230.164.72.213,30/01/2011,22/07/2021
880,Audi,Tzar,atzarof@sfgate.com,Female,141.133.187.216,16/10/2012,13/09/2014
881,Lek,Potteridge,lpotteridgeog@reuters.com,Male,44.20.186.177,07/06/2016,23/03/2004
882,Arden,Hanes,ahanesoh@edublogs.org,Female,223.31.169.98,11/05/2020,22/10/2011
883,Curcio,Bilby,cbilbyoi@google.ca,Male,63.109.81.20,23/08/2022,01/05/2014
884,Sandro,Abrehart,sabrehartoj@livejournal.com,Male,232.111.68.252,15/04/2002,15/07/2014
885,Mignonne,Reucastle,mreucastleok@umich.edu,Agender,129.222.139.239,09/04/2001,18/12/2007
886,Fred,Conford,fconfordol@google.pl,Male,114.238.60.121,26/09/2017,09/05/2002
887,Teodoro,Grimster,tgrimsterom@mail.ru,Male,207.22.4.187,31/03/2013,04/12/2002
888,Wait,Paradyce,wparadyceon@si.edu,Male,113.226.30.217,26/10/2017,23/02/2012
889,Harrietta,Donnan,hdonnanoo@infoseek.co.jp,Polygender,92.74.14.89,20/01/2016,23/05/2015
890,Jeffrey,Devanny,jdevannyop@xinhuanet.com,Male,152.5.75.216,07/06/2005,20/09/2007
891,Gwyneth,Shawdforth,gshawdforthoq@reference.com,Female,84.255.7.78,12/07/2022,19/04/2001
892,Louie,Pretorius,lpretoriusor@clickbank.net,Male,21.230.72.225,26/05/2002,05/04/2005
893,Peyter,Tremoille,ptremoilleos@soup.io,Male,152.217.85.62,03/09/2019,03/05/2010
894,Sibley,Blesli,sblesliot@bing.com,Female,65.16.2.134,28/05/2006,27/05/2002
895,Arturo,Duffan,aduffanou@bloglovin.com,Male,167.92.11.31,07/01/2006,02/11/2022
896,Daniel,D'Costa,ddcostaov@biblegateway.com,Agender,72.236.32.17,07/01/2011,29/01/2021
897,Galven,Duinkerk,gduinkerkow@edublogs.org,Male,45.67.191.94,01/07/2022,13/07/2013
898,Nikos,Ziehm,nziehmox@freewebs.com,Male,201.220.200.99,13/06/2021,26/02/2013
899,Janna,Enticknap,jenticknapoy@ezinearticles.com,Female,171.180.210.59,23/12/2000,08/08/2020
900,Krissie,Steckings,ksteckingsoz@cdbaby.com,Female,46.93.207.50,05/11/2007,03/02/2010
901,Shaylynn,Tather,statherp0@xrea.com,Female,158.80.127.63,14/04/2019,25/05/2005
902,Julius,Rohlf,jrohlfp1@163.com,Male,120.208.175.196,06/10/2020,28/10/2015
903,Juliette,Flounders,jfloundersp2@cnbc.com,Female,176.7.198.105,19/02/2013,11/07/2013
904,Donavon,Salack,dsalackp3@devhub.com,Male,18.200.101.173,01/06/2012,16/01/2016
905,Kristopher,Schutze,kschutzep4@wsj.com,Male,193.81.109.93,01/05/2007,04/10/2009
906,Isidora,Tacey,itaceyp5@alibaba.com,Female,47.9.101.240,07/10/2020,02/03/2021
907,Huntley,Lages,hlagesp6@exblog.jp,Male,68.217.156.96,03/11/2011,17/02/2019
908,Lyon,Dollman,ldollmanp7@tinypic.com,Male,122.115.94.59,09/02/2017,07/09/2010
909,Willy,Purshouse,wpurshousep8@utexas.edu,Female,25.67.171.0,02/11/2008,14/08/2002
910,Marlowe,Kinsett,mkinsettp9@cnbc.com,Male,131.155.67.247,15/08/2013,17/08/2008
911,Derry,Brownstein,dbrownsteinpa@surveymonkey.com,Bigender,137.153.237.242,30/11/2004,08/09/2009
912,Odey,Tudhope,otudhopepb@gmpg.org,Male,38.43.145.131,07/12/2003,24/10/2004
913,Dawna,Bentke,dbentkepc@lycos.com,Female,220.126.253.218,14/03/2005,21/04/2019
914,Dominga,Shorte,dshortepd@ihg.com,Female,145.107.159.94,12/04/2005,06/03/2023
915,Richmond,Paulsen,rpaulsenpe@lulu.com,Male,106.178.96.252,18/08/2016,27/04/2014
916,Angelico,Desmond,adesmondpf@mit.edu,Male,98.245.21.191,18/05/2018,04/01/2015
917,Delmer,Cattellion,dcattellionpg@jugem.jp,Male,25.110.22.169,03/02/2019,16/11/2007
918,Darla,Cunniff,dcunniffph@nbcnews.com,Genderqueer,170.118.100.218,26/09/2021,28/11/2009
919,Bradley,Luipold,bluipoldpi@sciencedirect.com,Male,29.226.173.56,31/07/2017,13/07/2007
920,Edgardo,Skells,eskellspj@mapy.cz,Genderfluid,63.194.101.51,24/09/2002,03/05/2023
921,Rand,Barriball,rbarriballpk@google.co.jp,Male,124.9.38.18,03/03/2015,06/07/2012
922,Elvis,Emanuele,eemanuelepl@sciencedaily.com,Male,1.159.230.126,10/04/2012,07/08/2015
923,Eloise,Rennles,erennlespm@ameblo.jp,Non-binary,241.4.26.223,06/05/2021,15/10/2002
924,Zacharia,Lawful,zlawfulpn@seattletimes.com,Genderqueer,69.244.250.255,16/08/2017,14/09/2021
925,Kathie,Secret,ksecretpo@addtoany.com,Female,249.112.209.41,22/01/2009,09/06/2010
926,Felisha,Hatwells,fhatwellspp@uiuc.edu,Female,91.239.254.176,08/12/2020,14/08/2004
927,Kiley,Dubber,kdubberpq@w3.org,Female,62.178.76.76,16/10/2019,29/06/2014
928,Mackenzie,Bus,mbuspr@google.ru,Male,123.213.85.218,18/06/2005,22/07/2006
929,Tanner,Kearey,tkeareyps@miitbeian.gov.cn,Male,88.207.154.232,12/09/2012,01/06/2005
930,Fiona,Chessill,fchessillpt@jiathis.com,Female,188.111.94.75,19/06/2019,25/04/2017
931,Hermy,Brandle,hbrandlepu@va.gov,Male,29.82.124.198,28/07/2018,25/02/2007
932,Terza,Gino,tginopv@yahoo.co.jp,Female,211.247.75.232,24/12/2017,08/07/2002
933,Johan,O'Sharkey,josharkeypw@sfgate.com,Male,194.176.149.87,05/07/2010,14/01/2010
934,Amie,Climson,aclimsonpx@cocolog-nifty.com,Female,94.129.57.121,19/12/2010,21/03/2001
935,Nonah,Ager,nagerpy@webeden.co.uk,Female,137.196.134.89,04/01/2015,13/04/2017
936,Robin,Colvie,rcolviepz@mtv.com,Male,3.143.141.27,22/10/2011,02/06/2016
937,Shadow,Ausello,sauselloq0@msn.com,Male,139.72.221.30,04/09/2002,01/08/2017
938,Dwight,Huddleston,dhuddlestonq1@flavors.me,Male,125.220.84.84,19/05/2007,27/11/2010
939,Nixie,Eede,needeq2@unesco.org,Female,117.81.149.233,12/12/2004,14/09/2001
940,Elyse,De Antoni,edeantoniq3@ucla.edu,Female,20.29.14.251,17/06/2020,20/03/2019
941,Rosamond,Mewburn,rmewburnq4@google.co.uk,Female,229.248.84.35,14/03/2012,12/03/2012
942,Nickolaus,Egdal,negdalq5@csmonitor.com,Male,53.165.49.93,05/12/2017,15/04/2009
943,Garrick,Antosch,gantoschq6@eventbrite.com,Male,55.218.81.25,04/08/2007,06/07/2009
944,Janaya,De Malchar,jdemalcharq7@independent.co.uk,Female,223.126.127.147,26/02/2011,18/12/2018
945,Briney,Van't Hoff,bvanthoffq8@prweb.com,Female,48.58.232.104,26/09/2014,11/05/2005
946,Janek,Weatherup,jweatherupq9@eepurl.com,Male,112.78.7.141,14/07/2004,06/10/2018
947,Averil,Whyler,awhylerqa@webnode.com,Female,32.169.98.27,26/06/2020,22/07/2006
948,Kermit,Jermy,kjermyqb@xinhuanet.com,Male,32.107.216.156,19/01/2004,20/08/2002
949,Leif,Hollidge,lhollidgeqc@bbc.co.uk,Male,197.73.246.244,09/09/2013,29/01/2010
950,Moses,Douthwaite,mdouthwaiteqd@tuttocitta.it,Male,81.224.46.70,27/10/2003,13/03/2012
951,Conan,Houseman,chousemanqe@surveymonkey.com,Male,181.224.199.45,01/02/2022,11/05/2010
952,Stephenie,Blezard,sblezardqf@netscape.com,Genderqueer,96.223.47.108,04/06/2020,31/05/2010
953,Sonnie,Blackwood,sblackwoodqg@oracle.com,Male,234.41.141.120,12/12/2020,25/12/2012
954,Glenn,Harrigan,gharriganqh@tiny.cc,Male,215.18.112.141,27/04/2001,07/04/2005
955,Alecia,Downs,adownsqi@craigslist.org,Female,28.236.214.5,15/10/2017,07/06/2010
956,Harris,Hurtic,hhurticqj@hostgator.com,Male,199.83.179.154,25/02/2003,30/01/2018
957,Kennie,Foster,kfosterqk@google.es,Male,208.41.190.218,15/06/2010,18/08/2010
958,Theodoric,Simony,tsimonyql@mtv.com,Male,111.250.160.60,28/08/2008,14/06/2015
959,Charmian,Kasbye,ckasbyeqm@cbsnews.com,Female,1.86.194.216,14/03/2017,18/03/2009
960,Cecil,Johanssen,cjohanssenqn@1688.com,Male,170.239.50.224,13/04/2010,02/05/2020
961,Shanna,Arnaez,sarnaezqo@studiopress.com,Female,225.168.204.249,06/07/2011,31/10/2019
962,Dukie,Britner,dbritnerqp@trellian.com,Male,157.65.208.55,13/05/2012,06/06/2010
963,Yulma,Folbige,yfolbigeqq@friendfeed.com,Male,94.176.148.12,23/02/2017,17/11/2014
964,Jody,Leveridge,jleveridgeqr@va.gov,Male,197.25.172.19,12/07/2001,08/08/2020
965,Aliza,Masselin,amasselinqs@sphinn.com,Female,61.115.104.174,24/04/2010,07/01/2006
966,Biddy,Inott,binottqt@fc2.com,Female,67.86.245.9,21/02/2016,09/04/2021
967,Dorey,Sivorn,dsivornqu@furl.net,Male,235.133.200.30,22/01/2001,16/09/2019
968,Bambie,Tysall,btysallqv@dell.com,Female,124.130.51.123,08/11/2003,29/05/2010
969,Ware,Brunel,wbrunelqw@marketwatch.com,Male,34.219.182.100,20/04/2013,08/04/2016
970,Levi,Symson,lsymsonqx@wiley.com,Male,72.243.124.49,14/11/2007,09/07/2011
971,Vi,Higgan,vhigganqy@cbsnews.com,Female,28.40.98.189,17/06/2002,08/07/2015
972,Betteanne,Mewes,bmewesqz@ibm.com,Female,100.164.169.50,02/08/2003,16/07/2016
973,Ulberto,Edgerley,uedgerleyr0@wufoo.com,Male,199.41.191.137,01/02/2016,26/03/2001
974,Louie,Rolls,lrollsr1@auda.org.au,Male,136.211.111.62,28/07/2018,23/06/2002
975,Sauveur,Illyes,sillyesr2@devhub.com,Male,123.201.58.142,22/05/2020,08/09/2005
976,Lew,Borham,lborhamr3@studiopress.com,Male,100.116.187.51,29/04/2003,07/09/2018
977,Raphael,Brigstock,rbrigstockr4@acquirethisname.com,Male,3.114.0.220,13/10/2014,30/09/2017
978,Lothario,Dearle-Palser,ldearlepalserr5@cloudflare.com,Male,215.186.156.25,14/05/2002,26/10/2009
979,Ilaire,Cristou,icristour6@eventbrite.com,Male,123.93.76.99,08/08/2011,19/10/2020
980,Jemmie,Faithorn,jfaithornr7@microsoft.com,Female,68.242.41.205,17/02/2003,18/09/2002
981,Annora,Rhelton,arheltonr8@phpbb.com,Female,125.187.148.13,21/04/2011,17/05/2022
982,Hillary,Seedull,hseedullr9@google.com.br,Male,38.111.50.1,02/10/2015,15/04/2015
983,Binky,McIlmorie,bmcilmoriera@vinaora.com,Male,243.241.214.24,04/11/2004,05/11/2008
984,Rakel,Aylott,raylottrb@biblegateway.com,Female,121.241.200.222,30/08/2008,09/03/2021
985,Nola,Duffell,nduffellrc@apache.org,Female,20.53.32.239,08/04/2010,23/04/2003
986,Tory,Meneux,tmeneuxrd@marriott.com,Female,14.68.230.72,19/02/2007,07/01/2007
987,Rick,Havile,rhavilere@who.int,Male,48.73.207.245,28/11/2006,15/05/2018
988,Lorant,Bartoszek,lbartoszekrf@blogs.com,Male,77.138.64.131,26/07/2019,20/12/2016
989,Kelley,Laughlin,klaughlinrg@bizjournals.com,Male,238.165.85.130,17/08/2018,12/01/2009
990,Emanuel,Croan,ecroanrh@ted.com,Male,116.202.118.158,16/02/2009,13/05/2006
991,Lib,Mailey,lmaileyri@sciencedaily.com,Female,204.137.1.29,08/06/2002,27/03/2001
992,Albertina,Evers,aeversrj@youtube.com,Female,187.128.168.149,01/11/2010,20/11/2021
993,Jobina,Klisch,jklischrk@wsj.com,Female,124.167.251.91,03/10/2004,26/03/2008
994,Goldina,Matthewman,gmatthewmanrl@soup.io,Female,189.112.249.226,10/05/2013,25/08/2012
995,Micky,Langtree,mlangtreerm@seesaa.net,Female,82.203.68.201,09/09/2014,17/10/2015
996,Margarete,Langham,mlanghamrn@phoca.cz,Female,92.145.98.72,14/07/2003,29/01/2023
997,Rasia,Krystek,rkrystekro@jugem.jp,Female,39.108.176.243,13/01/2014,05/02/2006
998,Vale,Bratley,vbratleyrp@lulu.com,Female,214.184.60.211,16/03/2007,02/06/2009
999,Mabel,Juza,mjuzarq@dagondesign.com,Female,196.23.199.174,05/06/2011,26/05/2022
1000,Blanch,Dairton,bdairtonrr@sfgate.com,Female,238.141.1.32,21/10/2013,07/03/2020
